Workbook
Name IB12DOSE12Y: #REF!
Name IB12DOSE18Y: #REF!
Name TODAY: #REF!

Sheet Test Plan
A2: Test Script | R2: #VALUE!
A3: CLEO Systems
A4: Project | B4: elevate
A5: Version
A6: Environment | B6: STAGING
B9: Need to record here details regarding the tester, test date and software version for easy reference
B11: Name | C11: Date | D11: Software Version | E11: General Checks | F11: Login and User Profile | G11: VWR Specifics | H11: VWR White Labeling | I11: Audit Log Viewer | J11: Prescribing | K11: CIS2 | L11: ECDS | M11: CPIS | N11: GPC-SD
B12: Status | E12: =IF(OR(COUNTIF(E14:E17, "N/A"),COUNTIF(E14:E17, "X")), 1, 0) -> 1 | F12: =IF(OR(COUNTIF(F14:F17, "N/A"),COUNTIF(F14:F17, "X")), 1, 0) -> 1 | G12: =IF(OR(COUNTIF(G14:G17, "N/A"),COUNTIF(G14:G17, "X")), 1, 0) -> 1 | H12: =IF(OR(COUNTIF(H14:H17, "N/A"),COUNTIF(H14:H17, "X")), 1, 0) -> 1 | I12: =IF(OR(COUNTIF(I14:I17, "N/A"),COUNTIF(I14:I17, "X")), 1, 0) -> 1 | J12: =IF(OR(COUNTIF(J14:J17, "N/A"),COUNTIF(J14:J17, "X")), 1, 0) -> 1 | K12: =IF(OR(COUNTIF(K14:K17, "N/A"),COUNTIF(K14:K17, "X")), 1, 0) -> 1 | L12: =IF(OR(COUNTIF(L14:L17, "N/A"),COUNTIF(L14:L17, "X")), 1, 0) -> 1 | ... P12: =IF(OR(COUNTIF(P14:P17, "N/A"),COUNTIF(P14:P17, "X")), 1, 0) -> 1
B13: Test Completion | E13: =IF(COUNTIF(E14:E17, "=N/A"), "N/A", VLOOKUP(E11, Stats!$B$4:'Stats'!$H$16, 7, FALSE)) -> N/A | F13: =IF(COUNTIF(F14:F17, "=N/A"), "N/A", VLOOKUP(F11, Stats!$B$4:'Stats'!$H$16, 7, FALSE)) -> N/A | G13: =IF(COUNTIF(G14:G17, "=N/A"), "N/A", VLOOKUP(G11, Stats!$B$4:'Stats'!$H$16, 7, FALSE)) -> N/A | H13: =IF(COUNTIF(H14:H17, "=N/A"), "N/A", VLOOKUP(H11, Stats!$B$4:'Stats'!$H$16, 7, FALSE)) -> N/A | I13: =IF(COUNTIF(I14:I17, "=N/A"), "N/A", VLOOKUP(I11, Stats!$B$4:'Stats'!$H$16, 7, FALSE)) -> N/A | J13: =IF(COUNTIF(J14:J17, "=N/A"), "N/A", VLOOKUP(J11, Stats!$B$4:'Stats'!$H$16, 7, FALSE)) -> N/A | K13: =IF(COUNTIF(K14:K17, "=N/A"), "N/A", VLOOKUP(K11, Stats!$B$4:'Stats'!$H$16, 7, FALSE)) -> N/A | L13: =IF(COUNTIF(L14:L17, "=N/A"), "N/A", VLOOKUP(L11, Stats!$B$4:'Stats'!$H$16, 7, FALSE)) -> N/A | ... P13: =IF(COUNTIF(P14:P17, "=N/A"), "N/A", VLOOKUP(P11, Stats!$B$4:'Stats'!$H$16, 7, FALSE)) -> N/A
B14: Jason Ling | E14: N/A | F14: N/A | G14: N/A | H14: N/A | I14: N/A | J14: N/A | K14: N/A | L14: N/A | M14: N/A | N14: N/A | O14: N/A | P14: N/A
B15: Roger Thomas | E15: N/A | F15: N/A | G15: N/A | H15: N/A | I15: N/A | J15: N/A | K15: N/A | L15: N/A | M15: N/A | N15: N/A | O15: N/A | P15: N/A
B16: Stuff Netherton | E16: N/A | F16: N/A | G16: N/A | H16: N/A | I16: N/A | J16: N/A | K16: N/A | L16: N/A | M16: N/A | N16: N/A | O16: N/A | P16: N/A
B17: Olu Oderinde | E17: X | F17: N/A | G17: N/A | H17: N/A | I17: N/A | J17: X | K17: N/A | L17: N/A | M17: N/A | N17: N/A | O17: N/A | P17: N/A

Sheet Stats
A3: Targeted | C3: Tests | D3: Passed | E3: Failed | F3: Cypress | G3: N/A | H3: Completion | I3: Failure Rate
A4: Y | B4: General Checks | C4: =COUNTA(INDIRECT("'"&$B4&"'!D9:D999")) -> 36 | D4: =COUNTIF(INDIRECT("'"&$B4&"'!$E$9:$E$999"), "*PASS*") -> 2 | E4: =COUNTIF(INDIRECT("'"&$B4&"'!$E$9:$E$999"), "*FAIL*") -> 0 | F4: =COUNTIF(INDIRECT("'"&$B4&"'!$E$9:$E$999"), "*CYPRESS*") -> 25 | G4: =COUNTIF(INDIRECT("'"&$B4&"'!$E$9:$E$999"), "*N/A*") -> 9 | H4: =(E4+D4+F4)/(C4-G4) -> 1 | I4: =IF(E4 > 0, E4/(E4+D4), 0) -> 0
A5: N | B5: Login and User Profile | C5: =COUNTA(INDIRECT("'"&$B5&"'!D9:D999")) -> 1 | D5: =COUNTIF(INDIRECT("'"&$B5&"'!$E$9:$E$999"), "*PASS*") -> 0 | E5: =COUNTIF(INDIRECT("'"&$B5&"'!$E$9:$E$999"), "*FAIL*") -> 0 | F5: =COUNTIF(INDIRECT("'"&$B5&"'!$E$9:$E$999"), "*CYPRESS*") -> 0 | G5: =COUNTIF(INDIRECT("'"&$B5&"'!$E$9:$E$999"), "*N/A*") -> 0 | H5: =(E5+D5+F5)/(C5-G5) -> 0 | I5: =IF(E5 > 0, E5/(E5+D5), 0) -> 0
A6: N | B6: VWR Specifics | C6: =COUNTA(INDIRECT("'"&$B6&"'!D9:D999")) -> 26 | D6: =COUNTIF(INDIRECT("'"&$B6&"'!$E$9:$E$999"), "*PASS*") -> 0 | E6: =COUNTIF(INDIRECT("'"&$B6&"'!$E$9:$E$999"), "*FAIL*") -> 0 | F6: =COUNTIF(INDIRECT("'"&$B6&"'!$E$9:$E$999"), "*CYPRESS*") -> 0 | G6: =COUNTIF(INDIRECT("'"&$B6&"'!$E$9:$E$999"), "*N/A*") -> 0 | H6: =(E6+D6+F6)/(C6-G6) -> 0 | I6: =IF(E6 > 0, E6/(E6+D6), 0) -> 0
A7: N | B7: VWR White Labeling | C7: =COUNTA(INDIRECT("'"&$B7&"'!D9:D999")) -> 50 | D7: =COUNTIF(INDIRECT("'"&$B7&"'!$E$9:$E$999"), "*PASS*") -> 0 | E7: =COUNTIF(INDIRECT("'"&$B7&"'!$E$9:$E$999"), "*FAIL*") -> 0 | F7: =COUNTIF(INDIRECT("'"&$B7&"'!$E$9:$E$999"), "*CYPRESS*") -> 0 | G7: =COUNTIF(INDIRECT("'"&$B7&"'!$E$9:$E$999"), "*N/A*") -> 0 | H7: =(E7+D7+F7)/(C7-G7) -> 0 | I7: =IF(E7 > 0, E7/(E7+D7), 0) -> 0
A8: N | B8: Audit Log Viewer | C8: =COUNTA(INDIRECT("'"&$B8&"'!D9:D999")) -> 6 | D8: =COUNTIF(INDIRECT("'"&$B8&"'!$E$9:$E$999"), "*PASS*") -> 0 | E8: =COUNTIF(INDIRECT("'"&$B8&"'!$E$9:$E$999"), "*FAIL*") -> 0 | F8: =COUNTIF(INDIRECT("'"&$B8&"'!$E$9:$E$999"), "*CYPRESS*") -> 0 | G8: =COUNTIF(INDIRECT("'"&$B8&"'!$E$9:$E$999"), "*N/A*") -> 0 | H8: =(E8+D8+F8)/(C8-G8) -> 0 | I8: =IF(E8 > 0, E8/(E8+D8), 0) -> 0
A9: Y | B9: Prescribing | C9: =COUNTA(INDIRECT("'"&$B9&"'!D9:D999")) -> 76 | D9: =COUNTIF(INDIRECT("'"&$B9&"'!$E$9:$E$999"), "*PASS*") -> 20 | E9: =COUNTIF(INDIRECT("'"&$B9&"'!$E$9:$E$999"), "*FAIL*") -> 0 | F9: =COUNTIF(INDIRECT("'"&$B9&"'!$E$9:$E$999"), "*CYPRESS*") -> 0 | G9: =COUNTIF(INDIRECT("'"&$B9&"'!$E$9:$E$999"), "*N/A*") -> 56 | H9: =(E9+D9+F9)/(C9-G9) -> 1 | I9: =IF(E9 > 0, E9/(E9+D9), 0) -> 0
A10: N | B10: CIS2 | C10: =COUNTA(INDIRECT("'"&$B10&"'!D9:D999")) -> 17 | D10: =COUNTIF(INDIRECT("'"&$B10&"'!$E$9:$E$999"), "*PASS*") -> 0 | E10: =COUNTIF(INDIRECT("'"&$B10&"'!$E$9:$E$999"), "*FAIL*") -> 0 | F10: =COUNTIF(INDIRECT("'"&$B10&"'!$E$9:$E$999"), "*CYPRESS*") -> 0 | G10: =COUNTIF(INDIRECT("'"&$B10&"'!$E$9:$E$999"), "*N/A*") -> 0 | H10: =(E10+D10+F10)/(C10-G10) -> 0 | I10: =IF(E10 > 0, E10/(E10+D10), 0) -> 0
A11: N | B11: ECDS | C11: =COUNTA(INDIRECT("'"&$B11&"'!D9:D999")) -> 17 | D11: =COUNTIF(INDIRECT("'"&$B11&"'!$E$9:$E$999"), "*PASS*") -> 0 | E11: =COUNTIF(INDIRECT("'"&$B11&"'!$E$9:$E$999"), "*FAIL*") -> 0 | F11: =COUNTIF(INDIRECT("'"&$B11&"'!$E$9:$E$999"), "*CYPRESS*") -> 0 | G11: =COUNTIF(INDIRECT("'"&$B11&"'!$E$9:$E$999"), "*N/A*") -> 0 | H11: =(E11+D11+F11)/(C11-G11) -> 0 | I11: =IF(E11 > 0, E11/(E11+D11), 0) -> 0
A12: N | B12: CPIS | C12: =COUNTA(INDIRECT("'"&$B12&"'!D9:D999")) -> 28 | D12: =COUNTIF(INDIRECT("'"&$B12&"'!$E$9:$E$999"), "*PASS*") -> 0 | E12: =COUNTIF(INDIRECT("'"&$B12&"'!$E$9:$E$999"), "*FAIL*") -> 0 | F12: =COUNTIF(INDIRECT("'"&$B12&"'!$E$9:$E$999"), "*CYPRESS*") -> 0 | G12: =COUNTIF(INDIRECT("'"&$B12&"'!$E$9:$E$999"), "*N/A*") -> 0 | H12: =(E12+D12+F12)/(C12-G12) -> 0 | I12: =IF(E12 > 0, E12/(E12+D12), 0) -> 0
A13: N | B13: GPC-SD | C13: =COUNTA(INDIRECT("'"&$B13&"'!D18:D999")) -> 21 | D13: =COUNTIF(INDIRECT("'"&$B13&"'!$E$9:$E$999"), "*PASS*") -> 1 | E13: =COUNTIF(INDIRECT("'"&$B13&"'!$E$9:$E$999"), "*FAIL*") -> 1 | F13: =COUNTIF(INDIRECT("'"&$B13&"'!$E$9:$E$999"), "*CYPRESS*") -> 0 | G13: =COUNTIF(INDIRECT("'"&$B13&"'!$E$9:$E$999"), "*N/A*") -> 0 | H13: =(E13+D13+F13)/(C13-G13) -> 0.095238095 | I13: =IF(E13 > 0, E13/(E13+D13), 0) -> 0.5
A14: N | B14: BaRS | C14: {=COUNTA(INDIRECT("'"&$B14&"'!D9:D999"))} -> 60 | D14: {=COUNTIF(INDIRECT("'"&$B14&"'!$E$9:$E$999"), "*PASS*")} -> 0 | E14: {=COUNTIF(INDIRECT("'"&$B14&"'!$E$9:$E$999"), "*FAIL*")} -> 0 | F14: {=COUNTIF(INDIRECT("'"&$B14&"'!$E$9:$E$999"), "*CYPRESS*")} -> 0 | G14: {=COUNTIF(INDIRECT("'"&$B14&"'!$E$9:$E$999"), "*N/A*")} -> 0 | H14: =(E14+D14+F14)/(C14-G14) -> 0 | I14: =IF(E14 > 0, E14/(E14+D14), 0) -> 0
B17: TOTALS | C17: =SUM(IF($A3="Y",$C3,0),IF($A4="Y",$C4,0),IF($A5="Y",$C5,0),IF($A6="Y",$C6,0),IF($A7="Y",$C7,0),IF($A8="Y",$C8,0),IF($A9="Y",$C9,0),IF($A10="Y",$C10,0),IF($A12="Y",$C12,0),IF($A13="Y",$C13,0),IF($A14="Y",$C14,0),IF($A15="Y",$C15,0),IF($A16="Y",$C16,0)) -> 112 | D17: =SUM(IF($A3="Y",$D3,0),IF($A4="Y",$D4,0),IF($A5="Y",$D5,0),IF($A6="Y",$D6,0),IF($A7="Y",$D7,0),IF($A8="Y",$D8,0),IF($A9="Y",$D9,0),IF($A10="Y",$D10,0),IF($A12="Y",$D12,0),IF($A13="Y",$D13,0),IF($A14="Y",$D14,0),IF($A15="Y",$D15,0),IF($A16="Y",$D16,0)) -> 22 | E17: =SUM(IF($A3="Y",$E3,0),IF($A4="Y",$E4,0),IF($A5="Y",$E5,0),IF($A6="Y",$E6,0),IF($A7="Y",$E7,0),IF($A8="Y",$E8,0),IF($A9="Y",$E9,0),IF($A10="Y",$E10,0),IF($A12="Y",$E12,0),IF($A13="Y",$E13,0),IF($A14="Y",$E14,0),IF($A15="Y",$E15,0),IF($A16="Y",$E16,0)) -> 0 | F17: =SUM(IF($A4="Y",$F4,0),IF($A5="Y",$F5,0),IF($A6="Y",$F6,0),IF($A7="Y",$F7,0),IF($A8="Y",$F8,0),IF($A9="Y",$F9,0),IF($A10="Y",$F10,0),IF($A12="Y",$F12,0),IF($A13="Y",$F13,0),IF($A14="Y",$F14,0),IF($A15="Y",$F15,0),IF($A16="Y",$F16,0)) -> 25 | G17: =SUM(IF($A3="Y",$G3,0),IF($A4="Y",$G4,0),IF($A5="Y",$G5,0),IF($A6="Y",$G6,0),IF($A7="Y",$G7,0),IF($A8="Y",$G8,0),IF($A9="Y",$G9,0),IF($A10="Y",$G10,0),IF($A12="Y",$G12,0),IF($A13="Y",$G13,0),IF($A14="Y",$G14,0),IF($A15="Y",$G15,0),IF($A16="Y",$G16,0)) -> 65 | H17: =(E17+D17+F17)/(C17-G17) -> 1 | I17: =IF(E17 > 0, E17/(E17+D17), 0) -> 0
O1046: #REF!
O1047: #REF!
O1048: #REF!
O1049: #REF!
O1050: #REF!
O1051: #REF!
O1052: #REF!
O1053: #REF!
O1054: #REF!
O1055: #REF!

Sheet General Checks
A2: Product | B2: elevate | D2: #VALUE!
A3: Version
A4: Environment | B4: STAGING
A5: Testing Scenario
A8: Domain | B8: GIven | C8: When | D8: Then | E8: Result (pass or fail) | F8: Actual Result (if different) | G8: Jira Ticket
A9: User Signup | B9: Given I am logged in as a super admin | C9: When I select service provider > users> add new user | D9: Then I am able to invite a new user | E9: pass | F9: Invite sent, however when user clicked on the link sent to email and inputted password then login with new password, the screen presented to user says Pending Invitation - The instruction on that screen should be clear to user to click the pending invitation button to continue with the onboarding
B10: Given that new user has received an invitation email | C10: When they click on the link | D10: Then they are able to set their password and are taken to the profile page | E10: Cypress
D11: And when they have completed their profile they can access the site they have been invited to. | E11: Cypress
A12: Landing page | B12: Given the user is on the login page | C12: When they enter a valid user name and password and click login | D12: Then they are successfully logged in and taken to the dashboard page | E12: Cypress
D13: And the page shows encounters in progress and cases | E13: Cypress
A14: Patient Registration | B14: Given I want to register a patient | C14: When I enter a valid NHS number | D14: Then the patient is found and registered correctly | E14: Cypress
B15: Given I want to register a patient | C15: When I use demogrpahics to search PDS | D15: Then the patient is found and registered correctly | E15: Cypress
A16: Patient load | B16: Given I want to search for a patient | C16: When I type part of the patients name / postcode | D16: Then a list of results are displayed including the patient you are searching for | E16: Cypress
C17: And When I select a patient | D17: Then it is loaded and their details are displayed in the banner correctly | E17: Cypress
A18: Add encounter | B18: Given I am viewing a patients timeline | C18: When I click add and select a form | D18: Then the form is loaded and I am able to add information and save | E18: Cypress
A19: PDF generation | B19: Given I have added a consultation note to a patient | C19: When I click on generate PDF and continue | D19: Then a PDF is generated with the correct information and is displayed in a size that can be easily read. | E19: Cypress
A20: Add case | B20: Given I have loaded a patient and selected the cases tab | C20: When I click add and select a case type | D20: Then the case is loaded and I am able to add information and save | E20: Cypress
D21: And I can link an encounter to the case (either a new or an exisitng one) | E21: Cypress
A22: Add prescription | B22: Given I have loaded a patient and selected the Meds tab | C22: When I click add prescription | D22: Then I can go through all the steps and add a prescription | E22: pass
A23: Meds | B23: Given a prescription is issued for a patient | C23: When I click on 'Copy Prescription Id' | D23: Then the user is notified with the text "Copied!" | E23: Cypress
A24: Audit Log | B24: Given I have carried out a number of actions on a patients record | C24: When I view the audit log | D24: Then there are entries for those actions in the log | E24: Cypress
A25: About Tab | B25: Given I have loaded a patient and selected the About tab | C25: When I view the details | D25: Then all the patient information is displayed correctly | E25: Cypress
A26: Patient Banner | B26: Given I have registered a patient who is < 2 days old | C26: When I view the patient banner | D26: Then their age is displayed in hours | E26: Cypress
B27: Given I have registered a patient who is > 2 days but < 4 weeks old | C27: When I view the patient banner | D27: Then their age is displayed in days | E27: Cypress
B28: Given I have registered a patient who is > 4 weeks but <1 year old | C28: When I view the patient banner | D28: Then their age is displayed in weeks and days | E28: Cypress
B29: Given I have registered a patient who is >1 year but <2 years old | C29: When I view the patient banner | D29: Then their age is displayed in months and days | E29: Cypress
B30: Given I have registered a patient who is >2 year but <18 years old | C30: When I view the patient banner | D30: Then their age is displayed in years and months | E30: Cypress
B31: Given I have registered a patient who is >18 years old | C31: When I view the patient banner | D31: Then their age is displayed in years | E31: Cypress
A32: In Progress | B32: Given I have logged in to elevate | C32: When I click on In Progress | D32: Then the in progress page is displayed and I can see any encounters and prescriptions that are in progress | E32: Cypress
A33: Cases | B33: Given I have logged in to elevate | C33: When I click on Cases | D33: Then I am taken to the cases page and a list of all open cases is displayed | E33: Cypress
A34: Reports | B34: Given I have logged in to elevate | C34: When I click on reports | D34: Then I am taken to the reports page and the reports tabs are available | E34: Cypress
C35: And if I click on one of the tabs and select a report to download | D35: Then the report is downloaded and the data within it is correct | E35: Cypress
A36: Ummanu360 specific checks | B36: Given I have logged in to elevate to the Ummanu360 site as a Ummanu360 user (test01@badger.co.uk) | C36: When the landing page is loaded | D36: Then the only sidebar options are dashboard, cases, service provider and help | E36: N/A
D37: And the Launch Telemedicine button is present | E37: N/A
A38: Finalise or Finalise & close | B38: Given I have logged into the Ummanu360 or Assurance360 site | C38: When I have started a consultation in Ummanu which has opened the case and encounter in Elevate | D38: Then the finalise & close case button should be present but not the finalise button | E38: N/A
B39: Given I have logged into the Ummanu360 or Assurance360 site | C39: When I load a patient in elevate and add a consulation note | D39: Then the finalise & close case button should NOT be present but the finalise button shoud be present | E39: N/A
B40: Given I have logged into an org other than the Ummanu360 or Assurance360 site | C40: When I load a patient in elevate and add a consulation note | D40: Then the finalise & close case button should NOT be present but the finalise button shoud be present | E40: N/A | F40: part of CIS2 tests
A41: CIS2 (requires smartcard) | B41: Given a user has logged in with username and password | C41: When the user inserts their smartcard | D41: Then they are able to authenticate the card and associate it with their elevate account | E41: N/A | F41: part of CIS2 tests
B42: Given the user has linked their smartcard to their elevate account | C42: When they click Log in with My Care Identity | D42: Then they the role selection page is displayed with the correct organisation and the user can select one and is taken to the dashboard page | E42: N/A | F42: part of CIS2 tests
A43: CPIS (requires smartcard) | B43: Given the user has logged in without their smartcard and is therefore NOT authorised to access CPIS information | C43: When they load an eligible patient who has CPIS information | D43: Then the CPIS information will not be returned and a message will be displayed stating the user does not have permission to view | E43: N/A | F43: part of CIS2 tests
B44: Given the logged in user is authorised to access CPIS information | C44: When they load a patient who has CPIS informationand view the important note tab | D44: Then the CPIS plan and access information is displayed for the patient | E44: N/A | F44: part of CIS2 tests

Sheet Login and User Profile
A2: Product | B2: elevate | D2: #VALUE!
A3: Version
A4: Environment | B4: STAGING
A5: Testing Scenario | B5: User login and authentication
A8: Domain | B8: GIven | C8: When | D8: Then | E8: Result (pass or fail) | F8: Actual Result (if different) | G8: Jira Ticket
A9: Logout | B9: GIVEN that my Elevate session has timed out due to a period of 60 minutes of inactivity, and a toast message appears stating that "You have been automatically logged out" | C9: WHEN I log back in to Elevate using my login credentials | D9: THEN the toast message shall dissappear | F9: toast message does not dissapear

Sheet VWR Specifics
A2: Product | B2: elevate | D2: #VALUE!
A3: Version
A4: Environment | B4: STAGING
A5: Testing Scenario | B5: VWR Specifics
A8: Domain | B8: GIven | C8: When | D8: Then | E8: Result (pass or fail) | F8: Actual Result (if different) | G8: Jira Ticket
B9: Given the user is logged in to elevate in an org that is setup for VWR (either VWR or Assurance) | C9: When they click Launch Telemedicine | D9: Then the VWR telemedicine application opens in a new tab
B10: Given the user has logged into the Telemedicine application | C10: When a user is successfully logged in | D10: Then the Consultations view is displayed
B11: Given the user wishes to consult the next patient | C11: When they click next patient in VWR | D11: Then the correct patient is loaded in elevate
D12: And a new case is present for that patient with a new encounter
B13: Given the user wishes to add a prescription to the case | C13: When they click the Save as Draft button | D13: Then the encounter is saved and refreshed
C14: When they click +Prescription | D14: Then the prescription form opens in the encounter window
D15: And they can search for a medication
D16: And they can select a medication, complete the form and add to basket
D17: And they can proceed to issue an EPS prescription (PDS verified patients only) | F17: will be covered by CIS2 testing
D18: And they can proceed to issue a paper prescription (non PDS verified patients) | F18: resizing the windows causes the pharmacy details to be displayed incorrectly | G18: FEM-36187
D19: And they are returned to the encounter / case when the prescription is completed | F19: screen remains on the print prescription form, have to click close to be returned to the encounter/case
B20: Given the user wishes to enter a coding for the encounter | C20: When they click on the coding field | D20: Then the approved list of options is displayed
D21: And they can select one and one only from the list
B22: Given the user wishes to enter a coding for the encounter | C22: When they click on the coding field | D22: Then they can type in the field to search
D23: And they can select one and one only from the returned search
B24: Given the user wishes to record an urgency | C24: When they click on the urgency field | D24: Then the three options are displayed as Routine, Urgent and Emergency
D25: And they can select one and one only
B26: Given the user wishes to record an outcome | C26: When they click on the outcome field | D26: Then the approved list of options is displayed
D27: And they can select one or more from the list
B28: Given the user wishes to record an outcome | C28: When they click on the outcome field | D28: Then they can type in the field to search
D29: And they can select one or more from the returned search list
B30: Given the user has completed the encounter with the patient and entered a coding, urgency and outcome | C30: When they click Finalise & Close Case | D30: Then the encounter and the case will be saved
D31: And the case status will be set to resolved | F31: Change to "And the case status will be set to closed"
D32: And the encounter will be set to Finalised
D33: And the consultation is closed in VWR
B34: Given the user wishes to consult the next patient | C34: When they click next patient in VWR | D34: Then the correct patient is loaded and the previous patients information is no longer present

Sheet VWR White Labeling
A2: Product | B2: elevate | D2: #VALUE!
A3: Version
A4: Environment | B4: STAGING
A5: Testing Scenario | B5: VWR White Labeling
A8: Domain | B8: GIven | C8: When | D8: Then | E8: Result (pass or fail) | F8: Actual Result (if different) | G8: Jira Ticket
A9: Login | B9: Given a user wishes to log in | C9: When they visit the login page | D9: Then the page is displayed in the Ummanu colours and with their logo
C10: When the user enters a valid usrname and password and clicks Login | D10: Then the site selection page is displayed and then can select a site and login
D11: And the dasboard page is displayed correctly in the Ummanu colours
A12: Dashboard Page | B12: Given the user has logged in | C12: When they view the dashboard page | D12: Then the page is displayed in the Ummanu colours and with their logo
D13: side bar
D14: banner
D15: Entries in progress
D16: My Open cases
B17: Given the user wishes to search for a patient | C17: When they type in a search criteria | D17: Then a list of matching patients is returned
D18: And they can select and load a patient
A19: Patients | B19: Given the user clicks Patients in the side nav | C19: When the page loads | D19: Then it is displayed correctly in the Ummanu colours
C20: And when the user uses the patient searchbar | D20: Then they can successfully search for and load a patient
D21: And the patient banner is displayed correctly
D22: And the tabs have the correct Ummanu colours
A23: Timeline - Encounters | B23: Given the user wishes to add an encounter for a patient | C23: When they click Add | D23: Then they are able to add an encounter form
C24: And when they enter some details in the form and save as draft | D24: Then the form is saved as draft
C25: And when they add or change information in the form and finalise | D25: Then the form is finalised
D26: And all the information is correct including the last modified info
B27: Given the user wishes to download a PDF of the encounter | C27: When they click the PDF button | D27: Then the PDF is downloaded without error
A28: Patient Meds Tab | B28: Given the user wishes to prescribe a drug | C28: When they click on the meds tab | D28: Then the prescribing form is displayed correctly in the Ummanu colours
C29: And when they click prescription | D29: Then they can search for a drug
C30: And when they select a drug | D30: Then it can be added to the basket
D31: Then the user can complete the prescription
A32: Patient Cases Tab | B32: Given the user wishes to view the cases for a patient | C32: When they load a patient and click on the cases tab | D32: Then the patients case(s) is displayed correctly in the Ummanu colours
D33: And the user can expand and collapse any linked encounters
D34: And the user can close (collapse) the case
D35: And the user can add a new case
A36: Patient About Tab | B36: Given the user wishes to view demographic information for a loaded patient | C36: When the user clicks on the about tab | D36: Then the page is displayed correcty in the Ummanu colours
D37: And the PDS section is not editable
D38: And an email and phone number can be added to the Additional informtion section
D39: And the registration status of the patient can be changed
A40: In Progress - Sidebar | B40: Given the user wishes to view In progress items | C40: When they click In Progress on the sidebar | D40: Then the page is displayed correcty in the Ummanu colours
D41: And the correct In progress encounters are displayed
D42: And the user can access the filters and filter the list
C43: And when the user clicks on an encounter | D43: Then they are taken to the patient and the encounter is displayed
B44: Gievn the user wishes to view Meds in progress | C44: When the user clicks the meds tabe | D44: Then the meds in progress should be displayed
A47: Cases - sidebar | B47: Given the user wishes to view Cases at their organisation | C47: When they click Cases in the sidebar | D47: Then the page is displayed correcty in the Ummanu colours
D48: And the correct cases are displayed
D49: And the user can access the filters and filter the list
C50: And when the user clicks on a case | D50: Then they are taken to the patient and the case is displayed
A51: Reports Sidebar | B51: Given the user wishes to view reports | C51: When the user clicks reports on the sidebar | D51: Then the page is displayed correcty in the Ummanu colours
D52: And all the tabs / report types are displayed correctly
D53: And date criteria can be set
D54: And reports can be downloaded
A55: Service provider Sidebar | B55: Given the user wishes to view information about their service provider | C55: When the user clicks Service provider on the sidebar | D55: Then the page is displayed correcty in the Ummanu colours
D56: And all the tabs are displayed correctly
D57: And they can view a list of users at their service provider
D58: And they can view a list of roles at their service provider
D59: And they can view the GP connect configuration (should be set to always)
A60: Help Sidebar | B60: Given the user wishes to view the help pages | C60: When the user clicks Help in the sidebar | D60: Then they are taken to the help pages

Sheet Audit Log Viewer
A2: Product | B2: elevate | D2: #VALUE!
A3: Version
A4: Environment | B4: STAGING
A5: Testing Scenario | B5: Audit Log Viewer
A8: Domain | B8: GIven | C8: When | D8: Then | E8: Result (pass or fail) | F8: Actual Result (if different) | G8: Jira Ticket
A9: Prescribing | B9: GIVEN that I have created prepared the contents of an EPS prescription | C9: When I view the audit trail | D9: THEN it shall be be possible to see:- - The time of the transaction - Who performed the transaction - The patient involved in the transaction - The resultant payload of the transaction
B10: GIVEN that I have submitted an EPS prescription to the signing service | C10: When I view the audit trail | D10: THEN it shall be be possible to see:- - The time of the transaction - Who performed the transaction - The patient involved in the transaction - The resultant payload of the transaction
B11: GIVEN that I have sent the contents of an EPS prescription | C11: When I view the audit trail | D11: THEN it shall be be possible to see:- - The time of the transaction - Who performed the transaction - The patient involved in the transaction - The resultant payload of the transaction
A12: Encounters | B12: Given that I have added an encounter for a patient | C12: When I view the audit log | D12: Then there is an entry in the log
A13: Cases | B13: Given that I have added a case for a patient | C13: When I view the audit log | D13: Then there is an entry in the log
A14: Audit of access | B14: Given that a user has viewed the audit log | C14: When the audit log is viewed again | D14: Then there is an entry in the log for QUERY_AUDIT_LOG_SUCCESS

Sheet Prescribing
A2: Product | B2: elevate | D2: #VALUE!
A3: Version
A4: Environment | B4: STAGING
A5: Testing Scenario | B5: Audit Log Viewer
A8: Domain | B8: GIven | C8: When | D8: Then | E8: Result (pass or fail) | F8: Actual Result (if different) | G8: Jira Ticket
A9: Prescription Layout | B9: GIVEN that I have generated a FP10 prescription for an CC medication (e.g. Co-cyprindiol 2000microgram/35microgram tablets) | C9: When I view the printed FP10 | D9: THEN the item shall be endorsed as CC | E9: pass
B10: GIVEN that I have generated a FP10 prescription for an AF medication (e.g. Fortisip 2kcal liquid) | C10: When I view the printed FP10 | D10: THEN the item shall be endorsed as AF (it will also be endorsed as ACBS also) | E10: pass | F10: endorsment of AF not visible anywhere note: The endorsement of AF and ACBS is now visible
B11: GIVEN that I have generated a FP10 prescription for a Controlled medication (e.g. Tramadol 100mg/ml oral drops) with a total quantity of 97.25ml | C11: When I view the printed FP10 | D11: THEN the item shall be endorsed as CD and the amount should be in words (e.g. 97.25 (NINETY SEVEN POINT TWO FIVE) ML ) | E11: pass
B12: GIVEN that I have generated a FP10 prescription for an SLS medication (e.g. Clobazam 10mg tablets) | C12: When I view the printed FP10 | D12: THEN the item shall be endorsed as SLS and CD | E12: pass
B13: GIVEN that I have generated a FP10 prescription for an ACBS medication (e.g. Carob seed flour powder) | C13: When I view the printed FP10 | D13: THEN the item shall be endorsed as ACBS | E13: pass
A14: Patient Details | B14: GIVEN that I have generated a FP10 prescription for a patient | C14: When I view the printed FP10 | D14: THEN the patient’s name will appear in the format “Mr James Smith” | E14: pass
B15: GIVEN that I have generated a FP10 prescription for a patient | C15: When I view the printed FP10 | D15: THEN the patient’s DoB will appear in the format “DD/MM/YYYY” | E15: pass
B16: GIVEN that I have generated a FP10 prescription for a patient | C16: When I view the printed FP10 | D16: THEN the patient’s address will appear: with at least one space below the patient’s name in a multiline format not exceeding FOUR lines with the postcode being included on the RHS of the LAST line | E16: pass
B17: GIVEN that I have generated a FP10 prescription for a patient | C17: When I view the printed FP10 | D17: THEN the patient’s NHS number will appear right-justified in the format “XXXXXXXXXX” with at least one space below the last line of the address | E17: pass | G17: https://cleosystems.atlassian.net/browse/UE-462
B18: GIVEN that I have generated a prescription for a patient with a long name | C18: When I view the name | D18: THEN the surname and forename shall be presented on separate lines, but it shall not “wrap” or split on partial words. | E18: pass
A19: Endorsements | B19: GIVEN that the user is a “Clinical Practitioner” | C19: When I view the printed FP10 and look for endorsements | D19: THEN the script will NOT be endorsed | E19: pass
B20: GIVEN that the user is a “Local Clinical Practitioner” | C20: When I view the printed FP10 and look for endorsements | D20: THEN the script will NOT be endorsed | E20: pass
B21: GIVEN that the user is a “Nurse” with a prescriber type of “Nurse Prescriber” | C21: When I view the printed FP10 and look for endorsements | D21: THEN the script will be endorsed “COMMUNITY PRACTITIONER NURSE PRESCRIBER” and “PN” in the relevant organisations | E21: pass | G21: https://cleosystems.atlassian.net/browse/UE-461
B22: GIVEN that the user is a “Nurse” with a prescriber type of “Independent Prescriber” | C22: When I view the printed FP10 and look for endorsements | D22: THEN the script will be endorsed “NURSE INDEPENDENT/SUPPLEMENTARY PRESCRIBER” and “PN” in the relevant organisations | E22: pass
B23: GIVEN that the user is a “Nurse” with a prescriber type of “Supplementary Prescriber” | C23: When I view the printed FP10 and look for endorsements | D23: THEN the script will be endorsed “NURSE INDEPENDENT/SUPPLEMENTARY PRESCRIBER” and “PN” in the relevant organisations | E23: pass
A24: Prescriber Details | B24: GIVEN that I have generated an FP10 prescription | C24: When I view the prescriber’s name | D24: THEN the prescriber’s name shall be presented in the format of TITLE INITIAL SURNAME and formatted accordingly | E24: pass
B25: GIVEN that I have generated an FP10 prescription | C25: When I view the prescriber’s PIN/DIN/NMC code | D25: THEN the prescriber’s PIN / DIN / NMC shall be presented to the right of their name | E25: pass
B26: GIVEN that I have generated an FP10 prescription | C26: When I view the organisation’s cost centre / address | D26: THEN the address shall span no more than three lines, and shall not “wrap” or be split on partial words | E26: pass
B27: GIVEN that I have generated an FP10 prescription | C27: When I view the organisation’s telephone number | D27: THEN the organisation’s telephone number shall be presented immediately below the address | E27: pass
B28: GIVEN that I have generated an FP10 prescription | C28: When I view the organisation’s CCG name | D28: THEN the organisation’s CCG name shall be presented immediately below the telephone number | E28: pass
A29: EPS - Repudiation Statement | B29: GIVEN that I have a PDS synchronised patient and I have selected EPS as a prescribing route | C29: When I select "Issue with EPS" | D29: THEN the non-repudiation statement will be shown. The statement shall contain the wording "The system will sign the content displayed here on your behalf., by means of information stored on your Smart Card as an Advanced Electronic Signature. By entering your passcode you affirm your intention to digitally sign and issue this ETP. Do you want to proceed?" | E29: n/a
B30: GIVEN I have a SmartCard inserted, and I enter an invalid PIN at the non-repudiation statement | C30: When I click "Proceed" | D30: THEN the system shall warn me that the PIN number entered is not correct. | E30: n/a
B31: GIVEN I have a SmartCard inserted, and I enter an invalid PIN at the non-repudiation statement | C31: When I have been informed that this is incorrect | D31: THEN the system shall offer me the ability to re-enter the PIN, or cancel the signing process | E31: n/a
B32: GIVEN I have a SmartCard inserted, and I enter an invalid PIN at the non-repudiation statement | C32: When I wish to cancel the signing process because I've forgotten my PIN number | D32: THEN I shall have the option to "Go back" to the Prescribing screen (Stage 1 Prepare) | E32: n/a
B33: GIVEN I have a SmartCard inserted, and I enter an invalid PIN at the non-repudiation statement | C33: When I enter an invalid PIN for "n" number of times (where "n" is the number of attempt allowed to enter a PIN) | D33: THEN the system shall offer me the ability to re-enter the PIN, or cancel the signing process | E33: n/a
B34: GIVEN I have a SmartCard inserted, and I enter an invalid PIN at the non-repudiation statement | C34: When I enter an invalid PIN for "n+1" number of times (where "n" is the number of attempts allowed to enter a PIN) | D34: THEN the system shall inform me that I've exceeded the maximum number of authentication attempts and | E34: n/a
B35: GIVEN I have not got a SmartCard inserted | C35: When I click "Proceed" | D35: THEN the system shall warn me that the SmartCard is not present | E35: n/a | G35: If a card has been withdrawn, then the session closes regardless, so it is impossible to get into this position
B36: GIVEN I have got a SmartCard inserted and I've entered the correct PIN number | C36: When I click on "Proceed" | D36: THEN the system shall confirm that the PIN is correct and return me to the Elevate UI, indicating that the process has been successful. | E36: n/a
A37: EPS - Error Conditions | B37: GIVEN I am attempting to send an EPS message with invalid message content | C37: When I perform the sending operation | D37: THEN I shall be synchronously informed that the send has failed, and allowed to return to the Prescribing screen. | E37: n/a
B38: GIVEN I am attempting to send an EPS message with invalid message signature | C38: When I perform the sending operation | D38: THEN I shall be synchronously informed that the send has failed, and allowed to return to the Prescribing screen. | E38: n/a
B39: GIVEN I am attempting to send an EPS message and Spine is unresponsive | C39: When I perform the sending operation | D39: THEN the system shall time-out graciously, inform me of the timeout and allow me to return to the Prescribing screen. | E39: n/a
A40: EPS - More than FOUR items | B40: GIVEN that I have added FOUR medication items to a prescription | C40: When I generate the EPS prescription | D40: THEN the system shall generate ONE prescription, with ONE prescription UUID that will be traceable through the EPS Tracker | E40: n/a
B41: GIVEN that I have added FIVE medication items to a prescription | C41: When I generate the EPS prescription | D41: THEN the system shall generate TWO prescriptions, with TWO prescription UUIDS that will be traceable through the EPS Tracker | E41: n/a
B42: GIVEN that I have added NINE medication items to a prescription | C42: When I generate the EPS prescription | D42: THEN the system shall generate THREE prescriptions, with THREE prescription UUIDS that will be traceable through the EPS Tracker | E42: n/a
A43: EPS - Link to Tracker | B43: GIVEN that I am viewing the detail of an EPS prescription that has been sent to Spine | C43: When I click on the link to the EPS tracker | D43: THEN the EPS tracker shall open in a new tab, with details of the prescription presented (subject to the behaviour of the EPS Tracking Portal) | E43: n/a
A44: EPS - Suitable Patients | B44: GIVEN that I am attempting to create an EPS prescription for a patient not PDS verified | C44: When I attempt to generate the EPS prescription | D44: THEN the system shall not allow me to select EPS at the point of generating the prescription and warn me that this is not possible for non-PDS verified patients | E44: n/a
B45: GIVEN that I am attempting to create an EPS prescription for a deceased patient | C45: When I attempt to generate the EPS prescription | D45: THEN the system shall not allow me to select EPS at the point of generating the prescription and warn me that this is not possible for deceased patients | E45: n/a
B46: GIVEN that I am attempting to create an EPS prescription for a sensitive patient | C46: When I attempt to generate the EPS prescription | D46: THEN the system shall not allow me to select EPS at the point of generating the prescription and warn me that this is not possible for sensitive patients | E46: n/a
A47: EPS - Suitable Users | B47: GIVEN that I have appropriate prescribing permissions on my smartcard but NOT on my Elevate profile | C47: When I attempt to generate the EPS prescription | D47: THEN the user should not be able to access the issue button and should be prompted with a warning ‘Your prescriber type has not been set. Please contact your system administrator.' | E47: n/a
B48: GIVEN that I have appropriate prescribing permissions on my smartcard but my role doesn't correspond to the role within Elevate | C48: When I attempt to generate the EPS prescription | D48: THEN I should not be able to access the issue button and should be prompted with a warning ‘Your prescriber type is not in line with your smartcard role. Please contact your system administrator.' | E48: n/a
B49: GIVEN thst I have appropriate prescribing permissions on Elevate but not on my smartcard | C49: When I attempt to generate the EPS prescription | D49: THEN I should not be able to access the issue button and should be prompted with a warning ‘You do not have the appropriate permissions on your smartcard to continue.’ | E49: n/a
A50: EPS - Saving "In Progress" State | B50: GIVEN that I have started a Paper prescription for a patient | C50: When I save it in "In Progress" state | D50: THEN the prescripting method of "Paper" is retained When I reopen the prescription | E50: n/a
B51: GIVEN that I have started an EPS prescription for a patient | C51: When I save it in "In Progress" state | D51: THEN the prescripting method of "EPS" is retained When I reopen the prescription | E51: n/a
A52: EPS "In Progress" | B52: GIVEN that I have a completed EPS precscription that is awaiting signing | C52: When I navigate to the "In Progress" tab | D52: THEN I shall be able to locate the prescription and complete the signing process using CIS2 authentication with a Smartcard | E52: n/a
A53: EPS - Aborting the signing process | B53: GIVEN that I have progressed an EPS prescription through to the signing stage | C53: When I abort the signing process, or enter an incorrect PIN | D53: THEN the prescription shall assume the state "Awaiting Signature" and the user will be able to make a subsequent signing attempt as required | E53: n/a
B54: GIVEN that I have an EPS prescription for which signing has previously been attempted, but not completed (i.e. it has the state "Awaiting Signature") | C54: When I enter into the details of the prescription | D54: THEN I shall have the ability to reattempt signing and sending of the EPS prescription | E54: n/a
A55: EPS Content | B55: GIVEN that I have added a medication item to a prescription | C55: When I generate the EPS prescription | D55: THEN the content of the EPS payload shall accurately represent the organisational information, including the following: - ODS code - Org Name - Org Address (including use) - Org Telecoms (system, value and use) | E55: n/a
B56: GIVEN that I have added a medication item to a prescription | C56: When I generate the EPS prescription | D56: THEN the content of the EPS payload shall accurately represent the patient information, including the following: - ONE Patient Name (family name, given name, title, use). This should be the most recent usual name - ONE Patient Address (including use). This should be the most recent home. Failing that, a temporary address may be used - Patient NHS Number - Patient Gender - Patient DoB - Patient Telecoms (system, value and use) - Patient's registered practice (ODS code) | E56: n/a
B57: GIVEN that I have added a medication item to a prescription | C57: When I generate the EPS prescription | D57: THEN the content of the EPS payload shall accurately represent the prescriber information, including the following: - Practitioner Name (family name, given name) - NMC / HCPC / GPhC / GMC / DIN code - SDS Identifier | E57: n/a | G57: NOTE - It is possible for a Med Prescriber to send a prescription WITHOUT a DIN or Spurious Code. This functionality has been changed by design. Has been handled by the EPSAT tool without any issues
B58: GIVEN that I have added a medication item to a prescription | C58: When I generate the EPS prescription | D58: THEN the content of the EPS payload shall accurately represent the medication information, including the following: - For CONTROLLED DRUGS ONLY - Medication Quantity (quantity in words) - For CONTROLLED DRUGS ONLY - Schedule within which the controlled drug appears (CD1/2/3/4/5) - identifier (this is the Item ID) - prescription Type - 0101/0104/0105/0108/0113/0114/0116/0117/0124/0125 - prescribing endorsements where applicable (ACBS, AF, CC, FS, SLS) - status (active, cancelled, completed) - intent (order, original-order, instance-order) - category (must be set to "community") - medication Name (DM+D human readable format AND SNOMED CT code) - subject - requester (A PractitionerRole resource) - groupIdentifier (this is the Prescription ID in short and long forms) - courseOfTherapyType (must be set to "acute") - dosageInstruction (text + additionalInstruction) - patientInstruction (the additional text for the patient that may be added to the medication item at the point of prescribing) - route (coded value identifying how the medication should be consumed) ??? - method (coded value identifying the technique for administering medication) ??? - dispenseRequest (the additional text for the pharmacy that may be added to the medication item at the point of prescribing) - quantity (value and unit and SNOMED code) (see https://digital.nhs.uk/developer/api-catalogue/electronic-prescription-service-fhir#post-/FHIR/R4/$process-message-prescription-order) | E58: n/a
A59: EPS Cancellation | B59: GIVEN that I am a Prescriber and wish to cancel an EPS prescription | C59: When I have my Smartcard inserted and authenticated | D59: THEN I shall be able to cancel an EPS prescription. (EPS cancellations may only be supported by users with a B0468 activity role) | E59: n/a
B60: GIVEN that I am a non-Prescriber and wish to cancel an EPS prescription | C60: When I have my Smartcard inserted and authenticated | D60: THEN I shall NOT be able to cancel an EPS prescription (EPS cancellations may only be supported by users with a B0468 activity role) | E60: n/a
B61: GIVEN that I am a Prescriber and wish to cancel an EPS prescription | C61: When I have my Smartcard inserted but it is NOT authenticated | D61: THEN I shall NOT be able to cancel an EPS prescription. I should see the warning "Cancelling is disabled. Please make sure that you are logged in with my Care Identity using a smart card and connected to the Health and Social Care Network (HSCN)." | E61: n/a
B62: GIVEN that I am a non-Prescriber and wish to cancel an EPS prescription | C62: When I have my Smartcard inserted but it is NOT authenticated | D62: THEN I shall NOT be able to cancel an EPS prescription. I should see the warning "Cancelling is disabled. Please make sure that you are logged in with my Care Identity using a smart card and connected to the Health and Social Care Network (HSCN)." | E62: n/a
B63: GIVEN that I wish to cancel an EPS prescription | C63: When I select "Cancel Prescription" | D63: THEN I shall be presented with a list of NINE cancellation reasons: - Prescribing error - Clinical contra-indication - Change to medication treatment regime - Clinical grounds - At the Patient’s request - At the Pharmacist’s request - Notification of death - Patient deducted - other reason - Patient deducted - registered with new practice | E63: n/a
B64: GIVEN that I wish to cancel an EPS prescription | C64: When I select "Cancel Prescription", and then "Discard" | D64: THEN the prescription will remain unaffected and not be cancelled | E64: n/a
B65: GIVEN that I wish to cancel an EPS prescription | C65: When I check the generated cancellation message | D65: THEN the content of the EPS payload shall accurately represent the organisational information, including the following: - ODS code - Org Name - Org Address (including use) - Org Telecoms (system, value and use) | E65: n/a
B66: GIVEN that I wish to cancel an EPS prescription | C66: When I check the generated cancellation message | D66: THEN the content of the EPS payload shall accurately represent the patient information, including the following: - Patient Name (family name, given name, title, use) - Patient Address (including use) - Patient NHS Number - Patient Gender - Patient DoB - Patient Telecoms (system, value and use) - Patient's registered practice (ODS code) | E66: n/a
B67: GIVEN that I wish to cancel an EPS prescription | C67: When I check the generated cancellation message | D67: THEN the content of the EPS payload shall accurately represent the prescriber information, including the following: - Practitioner Name (family name, given name) - NMC / HCPC / GPhC / GMC / DIN code - SDS Identifier | E67: n/a
B68: GIVEN that I wish to cancel an EPS prescription | C68: When I check the generated cancellation message | D68: THEN the content of the EPS payload shall accurately represent the medication information, including the following: - For CONTROLLED DRUGS ONLY - Medication Quantity (quantity in words) - For CONTROLLED DRUGS ONLY - Schedule within which the controlled drug appears (CD1/2/3/4/5) - prescription Type - 0101/0104/0105/0108/0113/0114/0116/0117/0124/0125 - identifier (this is the Item ID) - prescribing endorsements where applicable (ACBS, AF, CC, FS, SLS) - status (active, cancelled, completed) - intent (order, original-order, instance-order) - category (must be set to "community") - medication Name (DM+D human readable format AND SNOMED CT code) - subject - requester (A PractitionerRole resource) - groupIdentifier (this is the Prescription ID in short and long forms) - courseOfTherapyType (must be set to "acute") - dosageInstruction (text + additionalInstruction) - patientInstruction (the additional text for the patient that may be added to the medication item at the point of prescribing) - route (coded value identifying how the medication should be consumed) ??? - method (coded value identifying the technique for administering medication) ??? - dispenseRequest (the additional text for the pharmacy that may be added to the medication item at the point of prescribing) - quantity (value and unit and SNOMED code) (see https://digital.nhs.uk/developer/api-catalogue/electronic-prescription-service-fhir#post-/FHIR/R4/$process-message-prescription-order) | E68: n/a
B69: GIVEN that I wish to cancel one or more prescription items from a prescription that forms a single EPS message (the prescription has FOUR items or less) | C69: When I view the Past Medication list | D69: THEN I shall be able to mark the entire prescription as cancelled ONLY, and I will not be able to cancel only nominated prescription items from the EPS message. | E69: n/a
B70: GIVEN that I wish to cancel one or more prescription items from a prescription that spans more than one EPS message | C70: When I view the Past Medication list | D70: THEN I shall be able to cancel ONLY the EPS message that contains the items identified, and that the other "n" EPS messages that make up the full prescription will remain unaffected. NOTE - there may be other items within the EPS message that's being cancelled - up to a maximum of FOUR items - which will also be cancelled. | E70: n/a
B71: GIVEN that I have cancelled an EPS prescription that has already been pulled down by a pharmacy | C71: When I view the Organisation's "In Progress" tab | D71: THEN the prescription sholuld be shwon in this view with a status of "Pending Cancellation" | E71: n/a
A72: Private Prescribing | B72: GIVEN that I wish to generate a private prescription for a patient using SignatureRx (at an organisation with both NHS and Private prescribing enabled) | C72: When I select Meds --> +Start Prescription | D72: THEN I shall be offered the chance of starting an NHS or Private prescription from a drop down list | E72: n/a
A73: SignatureRx | B73: GIVEN that I wish to digitally sign a prescription and send it to SignatureRx | C73: When I enter a PIN number greater than, or less than, six characters in length | D73: THEN the solution shall warn me "PIN must be six digits" | E73: n/a
B74: GIVEN that I wish to digitally sign a prescription and send it to SignatureRx | C74: When I enter an empty PIN number | D74: THEN the solution shall warn me "PIN is required" | E74: n/a
B75: GIVEN that I wish to digitally sign a prescription and send it to SignatureRx | C75: When I enter an incorrect PIN number | D75: THEN the solution shall warn me "Your PIN is incorrect, please try again." | E75: n/a
B76: GIVEN that I wish to digitally sign a prescription and send it to SignatureRx | C76: When I enter the correct PIN number | D76: THEN the solution shall inform me "Prescription sent to SignatureRX" | E76: n/a
A77: EPS Prescription Status | B77: GIVEN that I have an EPS prescription which has been generated and correctly signed | C77: When I view the status of both item and prescription row item | D77: THEN the prescription shall have the status of "Issued" | E77: n/a
B78: GIVEN that I have an EPS prescription which has been generated, signed and then subsequently cancelled | C78: When I view the status of both item and prescription row item | D78: THEN the prescription shall have the status of "Cancelled" | E78: n/a
B79: GIVEN that I have an EPS prescription which has been generated and signed BUT the signing of one Prescription Item has failed | C79: When I view the status of the prescription row item | D79: THEN the prescription shall have the status of "Partially Issued" | E79: n/a | H79: NOTE - that this status applies to the "Prescription Level" view ONLY
B80: GIVEN that I have an EPS prescription which has been generated, signed and then subsequently cancelled BUT the cancellation of one of the line items has FAILED | C80: When I view the status of the prescription row item | D80: THEN the prescription shall have the status of "Partially Cancelled" | E80: n/a | H80: NOTE - that this status applies to the "Prescription Level" view ONLY
B81: GIVEN that I have an EPS prescription which has been generated BUT incorrectly signed | C81: When I view the status of both item and prescription row item | D81: THEN the prescription shall have the status of "Awaiting Signature". | E81: n/a | H81: NOTE - an easy way to test this would be to enter the incorrect SmartCard PIN at the point of signing the prescription. Thiis should result in the user being returned to the prescription screen and offered the ability to complete the signing process again
B82: GIVEN that I have a generated an EPS prescription which has been subsequently pulled down by a pharmacy AND then I have attempted to cancel the same prescription | C82: When I view the status of both item and prescription row item | D82: THEN the prescription shall have the status of "Pending Cancellation" | E82: n/a
B83: GIVEN that I have a generated an EPS prescription which has been subsequently dispensed at a pharmacy AND then I have attempted to cancel the same prescription | C83: When I view the status of both item and prescription row item | D83: THEN the prescription shall have the status of "Cancellation Rejected". | E83: n/a
A84: EPS Not Suitable | B84: GIVEN that I have recorded a patient has "EPS Not Suitable" within the "About" tab | C84: When I attempt to raise an EPS prescription for the patient | D84: THEN the solution shall prevent me from selecting "EPS" at the point of issuing the prescription, with a suitable user warning | E84: n/a

Sheet CIS2
A2: Product | B2: elevate | D2: #VALUE!
A3: Version
A4: Environment | B4: STAGING
A5: Testing Scenario | B5: CIS2
A8: Domain | B8: GIven | C8: When | D8: Then | E8: Result (pass or fail) | F8: Actual Result (if different) | G8: Jira Ticket
A9: Login with Elevate 2FA Username / Password | B9: GIVEN the user already has an Elevate account and a NHS SmartCard | C9: WHEN the user logs in with Elevate using their username and password | D9: THEN the user is able to select any active organisation/role from the selection list
A10: Link an Elevate Organisation/Role | B10: GIVEN that the user wishes to associate their local Elevate account with CIS2 | C10: WHEN they log in to Elevate, and select "Profile" --> "Care Identity Service" | D10: THEN they are presented with the ability to associate their local account with CIS2
A11: Linked Organisation/Role Account | B11: GIVEN the user already has an organisation/role linked to their CIS2 and wishes to login using their SmartCard | C11: WHEN the user inserts their SmartCard into the card reader without any applications running | D11: THEN they are presented with the NHS Identity Agent requesting their passcode
B12: GIVEN the user is presented with the NHS Identity Agent and their SamrtCard is inserted | C12: WHEN the user enters the correct passcode | D12: THEN they are given a choice of organisation/roles associated with their NHS account
B13: GIVEN the user is presented with the NHS Identity Agent and their SmartCard is inserted | C13: WHEN the user selects an organisation/role and clicks the OK button | D13: THEN the Elevate solution's dashboard page is displayed on the screen for the correct organisation/role they have just selected
A14: Link Authorised Organisation | B14: GIVEN the user has inserted their SmartCard and successfully authenticated themselves using their passcode | C14: WHEN the user selects organisation / role "profile" from the Identity Agent UI user has an active account at that organisation | D14: THEN the user is logged straight into Elevate at that organisation without further user input
A15: No active link to organisation | B15: GIVEN the user has inserted their SmartCard and sucessfully authenticated themselves using their passcode | C15: WHEN the user selects organisation / role "profile" from the NHS Identity Agent UI user DOES NOT HAVE an active account at that organisation | D15: THEN the user is warned that they do not have an active account and that they should contact their local admninistrator | G15: https://evahealthtech.atlassian.net/jira/software/c/projects/EJ/boards/80?modal=detail&selectedIssue=EJ-1272
A16: Single Linked Organisation with Multiple Roles | B16: GIVEN the user has multiple Elevate roles at a single organisation (ie. ORG-A - Nurse, ORG-A - Clerical, ORG-A - Clinical Practitioner) | C16: WHEN the user autheticates themselves using their SmartCard / passcode using the NHS Identity Agent is automatically logged into Elevate at that organisation | D16: THEN the Elevate organisation/role selection list is displayed showing all active roles for the current user at that organisation ONLY
A17: Link Inactive Role | B17: GIVEN that a new user is set up at ORG-A | C17: WHEN the user logs in using their username / password and configures their profile clicks on the CIS2 button inserts their SmartCard selects an Organisation that they don't have an active role at (i.e. NOT ORG-A) | D17: THEN the user will be advised that they do not have a role at that organisation | G17: https://evahealthtech.atlassian.net/jira/software/c/projects/EJ/boards/80?modal=detail&selectedIssue=EJ-1274
A18: Remove Linked Organisation | B18: GIVEN that a user wishes to disconnect their CIS2 account from their Elevate account | C18: WHEN the user navigates to "Profile" -> "Care Identity" and selects "Disconnect" | D18: THEN I shall be notified that my account has been disconnected AND I am logged out from the Elevate solution AND I shall be able to reconnect my account if necessary
A19: Switch to Another Organisation/Role | B19: GIVEN the user is an authorised Elevate user with a NHS SmartCard registered for 2 different organisations | C19: WHEN the user inserts their CIC and selects ORG-A from the NHS site selector the user attempts to switch role | D19: THEN the user MAY switch roles within the organisation ORG-A selected during the NHS Identity Agent login process
B20: GIVEN the user is an authorised Elevate user with a NHS SmartCard registered for 2 different organisations | C20: WHEN the user inserts their CIC and selects ORG-A from the NHS site selector the user attempts to switch organisation | D20: THEN the user MAY NOT switch organisations to ORG-B | G20: https://evahealthtech.atlassian.net/browse/EJ-1664
A21: Remove Card for Different organisation/role | B21: GIVEN the user is an authorised Elevate user with a NHS CIC linked to more than ONE orgranisation | C21: WHEN the user wishes to change organisations they remove their CIC | D21: THEN the user is logged out from Elevate
B22: GIVEN the user is an authorised Elevate user with a NHS CIC linked to more than ONE orgranisation | C22: WHEN the user reinserts their CIC enters the correct passcode | D22: THEN the user is able to select a linked organisation/role from the NHS selection list and are logged into that organisation AND the CIS2 agent shows the correct organisation
A23: Available Roles | B23: GIVEN that I have authenticated myself using CIS2 to an organisation registered on my SmartCard | C23: When I select my desired role at that organisation | D23: THEN the functionality available to me will be that granted by the local organisation, and not necessarily limited to the RBAC roles on my SmartCard | G23: https://evahealthtech.atlassian.net/browse/EJ-1667
A24: Card Identity - Remove Card | B24: GIVEN the user is an authorised Elevate user with a NHS CIC already linked to an Elevate orgranisation they are currently logged in to | C24: WHEN the user removes the card from the card reader | D24: THEN the user is logged out from the Elevate solution
B25: GIVEN the user has a deactivated Elevate account as ORG-A | C25: WHEN the user authenticates themselves using their SmartCard and PIN, and selects ORG-A from the Identity Agent dropdown list | D25: THEN the user shall be refused access to ORG-A within the Elevate application

Sheet ECDS
A2: Product | B2: elevate | D2: #VALUE!
A3: Version
A4: Environment | B4: STAGING
A5: Testing Scenario | B5: ECDS
A8: Domain | B8: GIven | C8: When | D8: Then | E8: Result (pass or fail) | F8: Actual Result (if different) | G8: Jira Ticket
A9: ECDS XML report | B9: Given the patients have encounters created and finalised in elevate | C9: When I trigger the test in lambda for ECDSReportTesting template | D9: Then the XML report is generated in S3 as per ECDS data standards | G9: https://evahealthtech.atlassian.net/browse/EJ-1325
B10: Given the patients have encounters created and finalised in elevate | C10: When I trigger the test in lambda for ECDSReportTesting template with start and enddate maximum of 7 days | D10: Then the XML report is not generated in S3 bucket | G10: https://evahealthtech.atlassian.net/browse/EJ-1325
B11: Given the patients have encounters saved as draft in elevate | C11: When I trigger the test in lambda for ECDSReportTesting template with start and enddate maximum of 7 days | D11: Then the XML report should not contain the encounters saved as draft
A12: Patient Consent | B12: Given the patients consent is Active in elevate | C12: When I trigger the test in lambda for ECDSReportTesting template | D12: Then the XML report is generated in S3 as per ECDS data WITHHELD IDENTITY STRUCTURE standards | G12: https://evahealthtech.atlassian.net/browse/EJ-1324
B13: Given the patients consent is Inactive and PDS synched in elevate | C13: When I trigger the test in lambda for ECDSReportTesting template | D13: Then the XML report is generated in S3 as per ECDS data VERIFIED IDENTITY STRUCTURE | G13: https://evahealthtech.atlassian.net/browse/EJ-1324
B14: Given the patients consent is Inactive and PDS not synched in elevate | C14: When I trigger the test in lambda for ECDSReportTesting template | D14: Then the XML report is generated in S3 as per ECDS data UNVERIFIED IDENTITY STRUCTURE | G14: https://evahealthtech.atlassian.net/browse/EJ-1324
B15: Given the patients consent is Active and PDS not synched in elevate | C15: When I trigger the test in lambda for ECDSReportTesting template | D15: Then the XML report is generated in S3 as per ECDS data WITHHELD IDENTITY STRUCTURE standards
B16: Given the patients(Sensitive patient) have encounters created and finalised in elevate | C16: When I trigger the test in lambda for ECDSReportTesting template | D16: Then the XML report is generated in S3 as per ECDS data WITHHELD IDENTITY STRUCTURE standards | F16: We actually had an UnverifiedIdentity. This is wrong, as the patient IS verified. Good news though is that there is no address included - just a ZZ99 3WZ postcode
A17: About Tab | B17: Given the patients consent is Active in elevate | C17: When I trigger the test in lambda for ECDSReportTesting template | D17: Then the XML report is generated in S3 as per ECDS data WITHHELD IDENTITY STRUCTURE standards | G17: https://evahealthtech.atlassian.net/browse/EJ-1323
B18: Given the patients consent is Inactive and PDS synched in elevate | C18: When I trigger the test in lambda for ECDSReportTesting template | D18: Then the XML report is generated in S3 as per ECDS data VERIFIED IDENTITY STRUCTURE
A19: Table creation | B19: Given the patients have encounters created and finalised in elevate | C19: When I trigger the test in lambda for ECDSReportTesting template | D19: Then the table ecds_reports is generated in the backend with the fields ID, created_at, updated_at - start of time range - end of time range - status - link to created xml (to S3) | G19: https://evahealthtech.atlassian.net/browse/EJ-1330
A20: Notifications | B20: Given the patients have encounters created and finalised in elevate | C20: When there is an error in the ECDS submission process while delivering the ECDS XML file | D20: Then i will be notified via slack | F20: To where? | G20: https://evahealthtech.atlassian.net/browse/EJ-1319
B21: Given the patients have encounters created and finalised in elevate | C21: When there is an error in the ECDS submission process while being acknowledged by SUS+ | D21: Then i will be notified via slack | F21: To where? | G21: https://evahealthtech.atlassian.net/browse/EJ-1319
A22: Audit log | B22: Given the patients have encounters created and finalised in elevate | C22: When I trigger the test in lambda for ECDSReportTesting template | D22: Then i will verify if the audit/Event log is created with the below details: File was created Delivery - fail or success (via MESH) Send attempt - fail or success (receipt acknowledgement) Recipient detail Any errors created | G22: https://evahealthtech.atlassian.net/browse/EJ-1320
A23: ECDS XML extract | B23: Given the feature toggle is ON for ECDS report generation | C23: When I trigger the test in lambda for ECDSReportTesting template | D23: Then the XML report is generated in S3 as per ECDS data standards | F23: no such toggle
B24: Given the feature toggle is OFF for ECDS report generation | C24: When I trigger the test in lambda for ECDSReportTesting template | D24: Then the XML report is not generated in S3 bucket | F24: no such toggle
B25: Given the ODS code of the organisation has been updated in backend/config/aws/.env.tftpl ECDS_SYSTEM_ODS_CODE=<ODS CODE> | C25: When I trigger the test in lambda for ECDSReportTesting template | D25: Then the CDSMessageRecordIdentifier and OrganisationIdentifier_CDSSender elements of the extract will contain the new ODS code

Sheet CPIS
A2: Product | B2: elevate | D2: #VALUE!
A3: Version
A4: Environment | B4: STAGING
A5: Testing Scenario | B5: CPIS
A8: Domain | B8: GIven | C8: When | D8: Then | E8: Result (pass or fail) | F8: Actual Result (if different) | G8: Jira Ticket
A9: Access | B9: Given the logged in user is NOT authorised to access CPIS information | C9: When they load an eligible patient who has CPIS information | D9: Then the CPIS information will not be returned and a message will be displayed stating that may be information available but the user does not have permission to view
B10: Given the logged in user is authorised to access CPIS information | C10: When the user loads an eligible patient and the solution is unable to connect to CPIS | D10: Then a message is displayed warning that CPIS info maybe present but it could not be retrieved
B11: Given the logged in user is authorised to access CPIS information | C11: When they load a patient who has a gender of Male and >=19 years | D11: Then the CPIS service will NOT be queried
B12: Given the logged in user is authorised to access CPIS information | C12: When they load a patient who has a gender of Female and >56 years + 365 days | D12: Then the CPIS service will NOT be queried
B13: Given the logged in user is authorised to access CPIS information | C13: When they load a patient who has a gender of Not Known and >56 years + 365 days | D13: Then the CPIS service will NOT be queried
B14: Given the logged in user is authorised to access CPIS information | C14: When they load a patient who has a gender of Not Specified and >56 years + 365 days | D14: Then the CPIS service will NOT be queried
B15: Given the logged in user is authorised to access CPIS information | C15: When they load a patient who has a gender of Female and >=19 years but <56 years + 365 days | D15: Then the CPIS service will be queried
B16: Given the logged in user is authorised to access CPIS information | C16: When they load a patient who has a gender of Not Known and >=19 years but <56 years + 365 days | D16: Then the CPIS service will be queried
B17: Given the logged in user is authorised to access CPIS information | C17: When they load a patient who has a gender of Not Specified and >=19 years but <56 years + 365 days | D17: Then the CPIS service will be queried
B18: Given the logged in user is authorised to access CPIS information | C18: When they load a patient who has a gender of Female and <= 18 years +365 days | D18: Then the CPIS service will be queried
B19: Given the logged in user is authorised to access CPIS information | C19: When they load a patient who has a gender of Male and <= 18 years +365 days | D19: Then the CPIS service will be queried
B20: Given the logged in user is authorised to access CPIS information | C20: When they load a patient who has a gender of Not Known and <= 18 years +365 days | D20: Then the CPIS service will be queried
B21: Given the logged in user is authorised to access CPIS information | C21: When they load a patient who has a gender of Not Specified and <= 18 years +365 days | D21: Then the CPIS service will be queried
A22: Display of Information | B22: Given the logged in user is authorised to access CPIS information | C22: When they load an eligible patient who has CPIS information | D22: Then an exclamation icon is displayed on the important notes tab
C23: And when the user clicks on the important notes tab | D23: Then the CPIS plan and access information history is displayed for the patient
C24: And when the user refreshes | D24: Then the users access of CPIS has been added to the access history
B25: Given the logged in user is authorised to access CPIS information | C25: When they load a patient who has CPIS information and an important note and view the important note tab | D25: Then the CPIS plan and access information is displayed for the patient along with the important note
A26: Reporting | B26: Given that a Systems Administrator wishes to view a report of CPIS positive traces | C26: When the user loads an eligible patient and the solution is unable to connect to CPIS | D26: Then they shall be able to access the report by navigating to "Reports" from the side bar and selecting "CP-IS" from the ribbon
B27: Given that a non-Systems Administrator wishes to view a report of CPIS positive traces | C27: When the user loads an eligible patient and the solution is unable to connect to CPIS | D27: Then they shall NOT be able to access the report by navigating to "Reports" from the side bar and selecting "CP-IS" from the ribbon
B28: Given that a patient that falls WITHIN the qualifying CP-IS age range is retrieved by a user WITH the prerequisite rights to access CPIS information AND the patient HAS a current CPIS care plan | C28: When a Systems Administrator runs the PID variant of the CP-IS report | D28: The Systems Administrator will be able ascertain the following details: - NHS Number - Patient Name - DoB - Date/time of positive CP-IS trace - User that accessed CP-IS
B29: Given that a patient that falls WITHIN the qualifying CP-IS age range is retrieved by a user WITH the prerequisite rights to access CPIS information AND the the patient HAS a current CPIS care plan | C29: When a Systems Administrator runs the NON-PID variant of the CP-IS report | D29: The Systems Administrator will be able ascertain the following details: - Date/time of positive CP-IS trace - User that accessed CP-IS
B30: Given that a patient that falls WITHIN the qualifying CP-IS age range is retrived by a user WITHOUT the prerequisite rights to access CPIS information | C30: When a Systems Administrator runs the CP-IS report | D30: Then no record of the event of loading the patient shall be shown
B31: Given that a patient that falls OUTSIDE the qualifying CP-IS age range is retrieved by a user WITH the prerequisite rights to access CPIS information | C31: When a Systems Administrator runs the CP-IS report | D31: Then no record of the event of loading the patient shall be shown
B32: Given that a patient that falls WITHIN the qualifying CP-IS age range is retrieved by a user WITH the prerequisite rights to access CPIS information ONE MORE THAN ONE OCCASION WITHIN THE REPORTING PERIOD | C32: When a Systems Administrator runs the CP-IS report | D32: Then each instance of the patient retrieval is shown, with details showing - NHS Number - Patient Name - DoB - Date/time of positive CP-IS trace - User that accessed CP-IS
B33: Given that a patient that falls WITHIN the qualifying CP-IS age range is retrieved by a user WITH the prerequisite rights to access CPIS information BUT the patient DOES NOT have a current CPIS care plan | C33: When a Systems Administrator runs the PID variant of the CP-IS report | D33: Then no record of the event of loading the patient shall be shown
B34: Given that a Systems Administrator clicks on the button "Today" | C34: When a Systems Administrator runs the CP-IS report | D34: Only CP-IS positive trace events will be shown for the period of TODAY
B35: Given that a Systems Administrator clicks on the button "This Month" | C35: When a Systems Administrator runs the CP-IS report | D35: Only CP-IS positive trace events will be shown for the period of THIS MONTH
B36: Given that a Systems Administrator enters a specific date/time range | C36: When a Systems Administrator runs the CP-IS report | D36: Only CP-IS positive trace events will be shown for the period of that time range

Sheet ITK3
A2: Product | B2: elevate | D2: #VALUE!
A3: Version
A4: Environment | B4: STAGING
A5: Testing Scenario | B5: ITK3
A8: Domain | B8: GIven | C8: When | D8: Then | E8: Result (pass or fail) | F8: Actual Result (if different) | G8: Jira Ticket

Sheet GPC-SD
A2: Product | B2: elevate | D2: #VALUE!
A3: Version
A4: Environment | B4: STAGING
A5: Testing Scenario | B5: GP Connect Send Document (GPC-SD)
B8: (*) To create an Encounter record...
B9: 1. Log into "Smalpox Clinic" and load a chosen patient
B10: 2. Enter into "Timeline" and select "Add new Encounter"
B11: 3. Select a template - such as "Consultation Notes"
B12: 4. Complete the template and click "Finalise"
B14: NOTE - For patient context, use patient 9449304831 Jools BAALOUD for ALL tests | D14: Testing arrangements for GP Connect Send Document against the NHSE GPC-SD test harness is unusual.
B15: NOTE - For user context use u/name "roger_501@ummanu.health", password "protectMe!" | D15: For each testing scenario, change the forename of the HCP to the code specified in the test to mock the desired response
A17: Domain | B17: GIven | C17: When | D17: Then | E17: Result (pass or fail) | F17: Actual Result (if different) | G17: Jira Ticket
A18: GENERAL UI CHECKS | B18: GIVEN I wish to create a GPC-SD for a patient that has been successfully PDS traced | C18: WHEN I create an Encounter record (*) | D18: THEN the "Send Document for GP Connect" tickbox should be available, checked and no warnings shall be shown | H18: Use Otto McEVOY (967 496 0015)
B19: GIVEN I wish to create a GPC-SD for a patient that has NOT been successfully PDS traced | C19: WHEN I create an Encounter record (*) | D19: THEN I shall be warned that it is not possible to send the summary electronically for this patient as they have no ODS code AND the "Send Document for GP Connect" tickbox should be unavailable for selection | H19: Use a locally-registered patient
B20: GIVEN I wish to create a GPC-SD for a patient that is locally DECEASED | C20: WHEN I create an Encounter record (*) | D20: THEN the "Send Document for GP Connect" tickbox should be available, checked and no warnings shall be shown
B21: GIVEN I wish to create a GPC-SD for a patient that is DECEASED on the recipient system (their registered GP system) | C21: WHEN I have created an Encounter record (*) using a HCP account with the forename "30004" | D21: THEN the GPC-SD should adopt the state of "ERROR" with the tooltip text "Patient known here and recently deceased"
B22: GIVEN I wish to create a GPC-SD for a patient that DOES NOT have a registered practice ODS Code | C22: WHEN I create an Encounter record (*) | D22: THEN the "Send Document for GP Connect" tickbox should be available, checked and no warnings shall be shown
B23: GIVEN I wish to create a GPC-SD for a locally-registered patient | C23: WHEN I create an Encounter record (*) | D23: THEN I shall be warned that it is not possible to send the summary electronically for this patient as they have not been synchronised with PDS
B24: GIVEN that I've created an Encounter using a template that supports attachments AND I've attached one or more files | C24: WHEN I click on Finalise | D24: THEN I should be warned that the Encounter attachments will not be sent with the electronic message, and I should finalise the doucment WITHOUT sending it
A25: NO KNOWN ODS CODE FOR PATIENT | B25: GIVEN I wish to create a GPC-SD for a patient NOT KNOWN at the specified practice ODS code | C25: WHEN I create an Encounter record (*) | D25: THEN I shall be warned that it is not possible to send a the summary electronically for this patient as they have no ODS code AND the "Send Document for GP Connect" tickbox should be unavailable for selection
A26: TEST HARNESS RESPONSES - BUSINESS LEVEL RESPONSE | B26: GIVEN I wish to create a GPC-SD for a patient that is registered on the recipient system | C26: WHEN I have created an Encounter record (*) using a HCP account with the forename "30001" | D26: THEN the GPC-SD should adopt the state of "SENT" with the tooltip text "Patient known here. (e.g. Patient is registered here)"
B27: GIVEN I wish to create a GPC-SD for a patient that is NOT registered on the recipient system | C27: WHEN I have created an Encounter record (*) using a HCP account with the forename "30002" | D27: THEN the GPC-SD should adopt the state of "ERROR" with the tooltip text "Patient not known here. (aka ‘patient record not present in system’)"
B28: GIVEN I wish to create a GPC-SD for a patient that is NOT registered on the recipient system | C28: WHEN I have created an Encounter record (*) using a HCP account with the forename "30016" | D28: THEN the GPC-SD should adopt the state of "SENT" with the tooltip text "Referral accepted"
B29: GIVEN I wish to create a GPC-SD for a patient that is registered on the recipient system | C29: WHEN I have created an Encounter record (*) using a HCP account with the forename "30017" | D29: THEN the GPC-SD should adopt the state of "ERROR" with the tooltip text "Referral rejected"
A30: TEST HARNESS RESPONSES - INFRACTRUCTURE LEVEL RESPONSE | B30: GIVEN I wish to create a GPC-SD for a patient that is has a handling specification error | C30: WHEN I have created an Encounter record (*) using a HCP account with the forename "10001" | D30: THEN the GPC-SD should adopt the state of "ERROR" with the tooltip text "Fatal-Error - Handling Specification Error"
B31: GIVEN I wish to create a GPC-SD for a patient that is has a handling specification business rule error | C31: WHEN I have created an Encounter record (*) using a HCP account with the forename "10008" | D31: THEN the GPC-SD should adopt the state of "ERROR" with the tooltip text "Fatal-Error - Handling Specification Business Rule Error"
B32: GIVEN I wish to create a GPC-SD for a patient that is has a non-approved filetype as an attachment | C32: WHEN I have created an Encounter record (*) using a HCP account with the forename "20004" | D32: THEN the GPC-SD should adopt the state of "ERROR" with the tooltip text "Fatal-Error - Non Approved File Type Received as an Attachment"
B33: GIVEN I wish to create a GPC-SD for a patient that is successfully processed by the recipient | C33: WHEN I have created an Encounter record (*) using a HCP account with the forename "20014" | D33: THEN the GPC-SD should adopt the state of "SENT" with the tooltip text "OK"
A34: TEST HARNESS RESPONSES - INFRACTRUCTURE LEVEL RESPONSE 20013 / BUSINESS LEVEL RESPONSE | B34: GIVEN I wish to create a GPC-SD for a patient that is registered on the recipient system | C34: WHEN I have created an Encounter record (*) using a HCP account with the forename "IB001" | D34: THEN the GPC-SD should adopt the state of "SENT" with the tooltip text "Patient known here. (e.g. Patient is registered here)"
B35: GIVEN I wish to create a GPC-SD for a patient that is NOT registered on the recipient system | C35: WHEN I have created an Encounter record (*) using a HCP account with the forename "IB002" | D35: THEN the GPC-SD should adopt the state of "ERROR" with the tooltip text "Patient not known here. (aka ‘patient record not present in system’)"
B36: GIVEN I wish to create a GPC-SD for a patient that is NOT registered on the recipient system | C36: WHEN I have created an Encounter record (*) using a HCP account with the forename "IB016" | D36: THEN the GPC-SD should adopt the state of "SENT" with the tooltip text "Referral accepted"
B37: GIVEN I wish to create a GPC-SD for a patient that is registered on the recipient system | C37: WHEN I have created an Encounter record (*) using a HCP account with the forename "IB017" | D37: THEN the GPC-SD should adopt the state of "ERROR" with the tooltip text "Referral rejected"
A38: REVISITING THE PATIENT RECORD | B38: GIVEN that I have loaded a patient with an Encounter that has already been sent by GPC-SD | C38: WHEN I attempt to untick / tick the GPC-SD checkbox | D38: THEN I will find the checkbox is unavailable to me, and I cannot tick / untick the option

Sheet BaRS
A2: Product | B2: elevate | D2: #VALUE!
A3: Version
A4: Environment | B4: STAGING
A5: Testing Scenario | B5: GP Connect Send Document (GPC-SD)
A8: Domain | B8: GIven | C8: When | D8: Then | E8: Result (pass or fail) | F8: Actual Result (if different) | G8: Jira Ticket
A9: Headless Creation of a New Case | B9: GIVEN that a Booking Request from BaRS has been received by the Telemedicine platform | C9: WHEN the user retrieves the patient record in Elevate | D9: THEN the user will see a Case created within the Ummanu solution
A10: Selecting a Case | B10: GIVEN the user has selected the referral case | C10: WHEN the timeline page is loaded | D10: THEN the user will see a BaRS Referral clickable link
D11: AND the Case date/timestamp contains the date on which the Booking was received (suitably annotated)
D12: AND "Case ID" begins with "C-TC"
D13: AND the Case "last modified" date/time stamp contains the date the Booking was received by Ummanu solution
D14: AND "Summary" is blank
D15: AND "Assigned To" is blank
D16: AND "Case Owner" is blank
D17: AND "Status" contains "Referral Received from BaRS"
D18: AND "Case Waiting" flag is unchecked
D19: AND "Case Priority "flag is unchecked
D20: AND the Sender name is represented within the case header (arrived at by the use of the sender ODS code) | F20: where is the sender name expected to be
A21: Viewing a Case | B21: GIVEN that a BaRS Case exists with a status of "New" within the Elevate solution | C21: WHEN the user opens the existing Case | D21: THEN no warnings shall be presented to the user.
B22: GIVEN that a BaRS Case exists with a status of "Cancelled" within the Elevate solution | C22: WHEN the user opens the existing Case | D22: THEN the user shall be warned that they are
A23: Saving a Case | B23: GIVEN that a BaRS Case exists with a status of "New" within the Elevate solution | C23: WHEN the users amends the Status of the Case to "Waiting" and attempts to save the changes | D23: THEN the user will not be presented with any warnings
D24: AND they will be able to: - save the change of status - discard the changes - continue with the changes
B25: GIVEN that a BaRS Case exists with a status of "Cancelled" within the Elevate solution | C25: WHEN the users amends the Status of the Case to "Waiting" and attempts to save the changes | D25: THEN the user will be able to warned that they are changing a Cancelled case
D26: AND they will be able to save the change of status
A27: Creating an Encounter | B27: GIVEN that a BaRS Case exists with a status of "New" within the Elevate solution | C27: WHEN the user clicks on the "Create and Link" to add a new Encounter | D27: THEN no warnings shall be presented to the user.
B28: GIVEN that a BaRS Case exists with a status of "Cancelled" within the Elevate solution | C28: WHEN the user clicks on the "Create and Link" to add a new Encounter | D28: THEN the user shall be warned that they are viewing an Encounter linked to a Cancelled referral
B29: GIVEN that a BaRS Case exists with a status of "Cancelled" within the Elevate solution | C29: WHEN the user clicks on "Link Existing Encounter" | D29: THEN the user shall be warned that they are viewing an Encounter linked to a Cancelled referral
A30: Viewing an Encounter | B30: GIVEN that a BaRS Case exists with a status of "New" within the Elevate solution | C30: WHEN the user opens the an Encounter linked to that case | D30: THEN no warnings shall be presented to the user.
B31: GIVEN that a BaRS Case exists with a status of "Cancelled" within the Elevate solution | C31: WHEN the user opens the an Encounter linked to that case | D31: THEN the user shall be warned that they are viewing an Encounter linked to a Cancelled referral
A32: Saving an Encounter | B32: GIVEN that a BaRS Case exists with a status of "New" within the Elevate solution | C32: WHEN the users amends the details of an Encounter linked to that Case, and attempts to save the changes | D32: THEN the user will not be presented with any warnings
D33: AND they will be able to: - save the change of status - discard the changes - continue with the changes
B34: GIVEN that a BaRS Case exists with a status of "Cancelled" within the Elevate solution | C34: WHEN the user amends the details of an Encounter linked to that Case, and attempts to save the changes | D34: THEN the user will be able to warned that they are changing an Encounter linked to a Cancelled case
D35: AND they will be able to save the change of status
A36: Receiving a Cancellation | B36: GIVEN that a BaRS Case exists with an open status (which includes "Waiting", "Awaiting Referral", etc.) | C36: WHEN a Cancellation is received from BaRS via Ummanu | D36: THEN the status is updated to "Cancelled"
C37: AND WHEN the user views the Case History | D37: THEN the Case History will state "Cancellation from BaRS Successful"
B38: GIVEN that a BaRS Case exists with a status of "Resolved", "Referred" or "Prescription Issued" | C38: WHEN a Cancellation is received from BaRS via Ummanu | D38: THEN the status is NOT updated to "Cancelled"
C39: AND WHEN the user views the Case History | D39: THEN the Case History will state "Cancellation from BaRS Failed"
A40: Referral Presentation | B40: GIVEN that a BaRS Referral has been received by the Elevate solution | C40: WHEN the user views the Case details | D40: THEN the initial entry within the case will contain the rendered BaRS Referral payload
B41: GIVEN that I am initially viewing the content of an incoming BaRS referral | C41: WHEN I observce the content of the Referral | D41: THEN only the data to be presented in the "default" view is shown
B42: GIVEN that I am initially viewing the content of an incoming BaRS referral | C42: WHEN I observce the content of the Referral | D42: THEN all data is presented in the "expanded" view
A43: Referral Record Content | B43: GIVEN that I am initially viewing the content of an incoming BaRS referral | C43: WHEN I view the content of the PATIENT section | D43: THEN the default view will contain: - Patient identifier - Patient name - Patient gender - Patient birth date
B44: GIVEN that I am initially viewing the content of an incoming BaRS referral | C44: WHEN I view the content of the RELATIONSHIP section | D44: THEN the default view will contain: NOTHING
B45: GIVEN that I am initially viewing the content of an incoming BaRS referral | C45: WHEN I view the content of the CONSENT section | D45: THEN the default view will contain: - Date consent given - Consent status - Category - Consent type (IMPLIED)
B46: GIVEN that I am initially viewing the content of an incoming BaRS referral | C46: WHEN I view the content of the PRACTITIONER section | D46: THEN the default view will contain: - Practitioner full name - Practitioner telecom value - Practitioner telecom method
B47: GIVEN that I am initially viewing the content of an incoming BaRS referral | C47: WHEN I view the content of the ORGANISATION section | D47: THEN the default view will contain: - Organisation name and ODS code
B48: GIVEN that I am initially viewing the content of an incoming BaRS referral | C48: WHEN I view the content of the MESSAGE HEADER section | D48: THEN the default view will contain: - Date and time of the transfer of care
B49: GIVEN that I am initially viewing the content of an incoming BaRS referral | C49: WHEN I view the content of the CARE PLAN section | D49: THEN the default view wil contain: - Outcome codeable concept (such as a pathway / SG / DS code} - Textual reprensetation of the code above - Codeable concept text to support the above, basically detailing the next steps required in the patient's care plan
B50: GIVEN that I am initially viewing the content of an incoming BaRS referral | C50: WHEN I view the content of the ENCOUNTER section | D50: THEN the default view will contain: - Encounter class code (should always be "EMER") - Encounter class display (should always be "Emergency") - Encounter Identifier (for tracking / debugging purposes) - Encounter status (we should only be showing ACTIVE encounters) - Encounter start date (show only for ACTIVE encounters)
B51: GIVEN that I am initially viewing the content of an incoming BaRS referral | C51: WHEN I view the content of the OBSERVATION subsection | D51: THEN the default view will contain: - Observation code - Observation date/time
B52: GIVEN that I am initially viewing the content of an incoming BaRS referral | C52: WHEN I view the content of the MEDICATION STATEMENT subsection | D52: THEN the default view will contain: - Medication Name - Medication prescripition date/time
B53: GIVEN that I am initially viewing the content of an incoming BaRS referral | C53: WHEN I view the content of the ALLERGY INTOLLERANCE subsection | D53: THEN the default view will contain: - Allergy/Intollerance verification status - Allergy/Intollerance verification type - Allergy/Intollerance verification category - Allergy/Intollerance verification manefestation - Allergy/Intollerance verification status severity
B54: GIVEN that I am initially viewing the content of an incoming BaRS referral | C54: WHEN I view the content of the FHIR FLAG subsection | D54: THEN the default view will contain: - Flag coding display (rextual representation of the flag) - Flag status (a flag may just be represented as text ONLY)
A55: EXPANDED VIEW | B55: GIVEN that I have expanded the content of an incoming BaRS referral | C55: WHEN I view the content of the PATIENT section | D55: THEN the full view will contain (in addition to the above): - Patient identifier - Patient name - Patient gender - Patient birth date - Patient contact telecom value - Patient contact telecom method - Patient spoken language
B56: GIVEN that I have expanded the content of an incoming BaRS referral | C56: WHEN I view the content of the RELATIONSHIP section | D56: THEN the full view will contain (in addition to the above): NOTHING
B57: GIVEN that I have expanded the content of an incoming BaRS referral | C57: WHEN I view the content of the CONSENT section | D57: THEN the default view will contain: - Date consent given - Consent status - Category - Consent type (IMPLIED)"
B58: GIVEN that I have expanded the content of an incoming BaRS referral | C58: WHEN I view the content of the PRACTITIONER section | D58: THEN the full view will contain (in addition to the above): - Practitioner full name - Practitioner telecom value - Practitioner telecom method
B59: GIVEN that I have expanded the content of an incoming BaRS referral | C59: WHEN I view the content of the ORGANISATION section | D59: THEN the full view will contain (in addition to the above): - Organisation name
B60: GIVEN that I have expanded the content of an incoming BaRS referral | C60: WHEN I view the content of the MESSAGE HEADER section | D60: THEN the full view will contain (in addition to the above): - Date and time of the transfer of care
B61: GIVEN that I have expanded the content of an incoming BaRS referral | C61: WHEN I view the content of the CARE PLAN section | D61: THEN the full view will contain (in addition to the above): - Outcome codeable concept (such as a pathway / SG / DS code} - Textual reprensetation of the code above - Codeable concept text to support the above, basically detailing the next steps required in the patient's care plan
B62: GIVEN that I have expanded the content of an incoming BaRS referral | C62: WHEN I view the content of the ENCOUNTER section | D62: THEN the full view will contain (in addition to the above): - Encounter class code (should always be "EMER") - Encounter class display (should always be "Emergency") - Encounter Identifier (for tracking / debugging purposes) - Encounter status (we should only be showing ACTIVE encounters) - Encounter start date (show only for ACTIVE encounters)
A63: THE FOLLOWING BEAR A 1...1 RELATIONSHIP WITH THE ENCOUNTER | B63: GIVEN that I have expanded the content of an incoming BaRS referral | C63: WHEN I view the content of the OBSERVATION subsection | D63: THEN the full view will contain (in addition to the above): - Observation category code (Observation.category.code) - Observation date/time - Observation coding (Observation.code.coding) - Associated numeric values (Observation.component)
B64: GIVEN that I have expanded the content of an incoming BaRS referral | C64: WHEN I view the content of the MEDICATION STATEMENT subsection | D64: THEN the full view will contain (in addition to the above): - Medication Name - Medication prescripition date/time - Dosage - Quantity - Unit - Reason for prescribing
B65: GIVEN that I have expanded the content of an incoming BaRS referral | C65: WHEN I view the content of the ALLERGY INTOLLERANCE subsection | D65: THEN the full view will contain (in addition to the above): - Allergy/Intollerance verification status - Allergy/Intollerance verification type - Allergy/Intollerance verification category - Allergy/Intollerance verification manefestation - Allergy/Intollerance verification status severity - Causative agent / medication name
B66: GIVEN that I have expanded the content of an incoming BaRS referral | C66: WHEN I view the content of the FHIR FLAG subsection | D66: THEN the default view will contain: - Flag coding display (textual representation of the flag) - Flag status - Start Date - End Date (a flag may just be represented as text ONLY)
A67: Clicking on "Finalise" | B67: GIVEN that I have completed an Encounter based upon a BaRS Referral, | C67: WHEN I click in "Finalise" | D67: THEN the Encounter shall be saved, but the patient will remain loaded and I will be able to start another Encounter within the same Consultation
A68: Clicking on "Finalise and Close" | B68: GIVEN that I have completed an Encounter based upon a BaRS Referral, | C68: WHEN I click in "Finalise and Close" | D68: THEN the Encounter shall be saved AND the patient will be unloaded
A69: A number of test payloads have been created, and these are available as a Postman collection
B70: GET bookings for patient
B71: GET specific booking
B72: GET capability statement
B73: GET message definition
B74: GET referral(s) for a patient
B75: GET a specific referral
B76: GET slots
B77: GET slots - accept header | C77: Additional accept header values
B78: GET slots - date range too wide | C78: Failure scenario - too many results are returned
B79: POST creating a booking (without NHS) | C79: Fictitious patient not on PDS. No NHS number
B80: POST creating a booking | C80: LECIA LINDSEY - Happy path booking
B81: POST creating a booking - misaligned times | C81: LECIA LINDSEY - Booking and available slot times misaligned. Used to test whether the system noticed that the Appointment being booked doesn't fit into a Slot being offerfed
B82: POST creating a booking - payload version | C82: LECIA LINDSEY - Changes the payload version to an unsupported value - should produce a failure
B83: POST creating a booking - flora hopley | C83: FLROA HOPLEY - Simple booking for a PDS patient
B84: POST creating a booking - tracey dual | C84: TRACEY DUAL - Simple booking for a PDS patient
B85: POST creating a booking - invalid | C85: LECIA LINDSEY - Invalid booking request - should return an error
B86: POST creating a booking - multiple contacts | C86: NOT REQUIRED - Bookings do not handle contacts
B87: POST creating a booking - non-matching patient | C87: BRIAN NORBERT - Non PDS patient. Has a fictitious - but Modulus 11 valid - NHS number
B88: POST creating a booking - No NHS number | C88: ADRIAN MOLE - Fictitious patient not on PDS. No NHS number
... B93: POST creating a referral | C93: PETER CHALMERS - Non PDS. Has fictitious NHS number. Standard stock referral
B94: POST creating a referral - birth gender

Sheet APPENDIX A - prescription-order
A1: Add new Prescription
A2: {
B3: resourceType*: string | M3: FHIR resource type. | N3: Default: Bundle
B4: id: enum | M4: An object ID for the Bundle. | N4: Allowed: 164996aa-29eb-4f14-a5ac-4b556a7baf6e
B5: identifier*: {
C6: system: enum | M6: codesystem URL for identifiers | N6: Allowed: https://tools.ietf.org/html/rfc4122
C7: value: string | M7: The X-Request ID for the message.
B8: type*: enum | M8: The reason why a series of resources and objects are grouped together. | N8: Allowed: message
B9: entry*: [{ | M9: A collection of resources contained within the Bundle.
C10: {
A11: x | D11: fullUrl: string | M11: object URL for the resource
A12: x | D12: resource: { | M12: A MedicationRequest object is required. An EPS prescription must contain at least one and up to four MedicationRequest objects. This is equivalent to an item on a prescription.
A13: x | E13: resourceType*: string | M13: FHIR resource type. | N13: Default: MessageHeader
E14: extension: [{
F15: {
G16: url: enum | M16: URL of the extension definition. | N16: Allowed: https://fhir.nhs.uk/StructureDefinition/Extension-DM-ControlledDrug
G17: extension: [{ | M17: FHIR extension array.
H18: { | M18: object containing the quantity in words
I19: url: enum | M19: URL for the controlled drug quantity | N19: Allowed: quantityWords
I20: valueString: string | M20: quantity expressed in words
H21: }
H22: { | M22: object containing the schedule of the controlled drug
I23: url: enum | M23: URL for the controlled drug schedule | N23: Allowed: schedule
I24: valueCoding: {
J25: system: enum | M25: codesystem to identify the controlled drug schedule | N25: Allowed: https://fhir.nhs.uk/CodeSystem/medicationrequest-controlled-drug
J26: code: enum | M26: a code to identify the controlled drug schedule | N26: Allowed: CD1┃CD2┃CD3┃CD4┃CD5
I27: }
H28: }
G29: }]
F30: }
C31: //START OF 2 | F31: }
F32: {
G33: url: enum | M33: URL of the extension definition. | N33: Allowed: https://fhir.nhs.uk/StructureDefinition/Extension-DM-ResponsiblePractitioner
G34: valueReference: {
H35: reference: string | M35: A reference to a PractitionerRole resource within the Bundle.
H36: display: string | M36: The name of the responsible party.
G37: }
F38: }
F39: {
G40: url: enum | M40: Allowed: https://fhir.nhs.uk/StructureDefinition/Extension-EPS-DispensingInformation
G41: extension: [{
H42: {
I43: url: enum | N43: Allowed: dispenseStatus
I44: valueCoding: {
J45: system: enum | N45: Allowed: https://fhir.nhs.uk/CodeSystem/medicationdispense-type
J46: code: date
J47: display: string
I48: }
H49: }
H50: { | M50: Only for eRD prescriptions. The date the prescription was previously released from Spine.
I51: url: enum | N51: Allowed: dateLastDispensed
I52: valueDate: date-time
H53: }
G54: }]
F55: }
F56: {
G57: url: enum | M57: URL of the extension definition. | N57: Allowed: https://fhir.hl7.org.uk/StructureDefinition/Extension-UKCore-MedicationRepeatInformation
G58: extension: [{ | M58: FHIR extension array.
H59: url: enum | M59: The review date of the prescription. This is a required field for repeat and eRD prescriptions, and captures the date at which the prescriber must review the repeat medication that a patient is on. | N59: Allowed: authorisationExpiryDate
H60: valueDateTime: string | M60: A date value
G61: }]
F62: }
F63: { | M63: The prescription type, as defined by the BSA, which helps identify the prescribing setting in which a prescription is created to enable reimbursement. For the full list of prescription types, and what they mean, please refer to the following guidance from the BSA.
G64: url: enum | M64: URL of the extension definition. | N64: Allowed: https://fhir.nhs.uk/StructureDefinition/Extension-DM-PrescriptionType
G65: valueCoding: { | M65: The prescription type, as defined by the BSA, which helps identify the prescribing setting in which a prescription is created to enable reimbursement.
H66: system: enum | M66: codesystem URL for the prescription type | N66: Allowed: https://fhir.nhs.uk/CodeSystem/prescription-type
H67: code: string | M67: The prescription type code
H68: display: string | M68: The display that accompanies the prescription type code
G69: }
F70: }
D71: ///THIS IS COMMON - THIS IS THE START OF "6"
F72: {
G73: url: enum | M73: URL of the extension definition. | N73: Allowed: https://fhir.nhs.uk/StructureDefinition/Extension-DM-PrescriptionEndorsement
G74: valueCodeableConcept: {
H75: coding: [{
I76: system*: enum | M76: Codesystem URL for endorsements. | N76: Allowed: https://fhir.nhs.uk/CodeSystem/medicationrequest-endorsement
I77: code*: enum | M77: The endorsement code. | N77: Allowed: ACBS┃AF┃CC┃FS┃SLS
H78: }]
G79: }
F80: }
E81: }]
E82: identifier*: [{ | M82: The unique ID for each line item on a prescription.
F83: system*: enum | M83: Codesystem URL for the line item ID. | N83: Allowed: https://fhir.nhs.uk/Id/prescription-order-item-number
F84: value*: string | M84: The unique ID for a given line item.
E85: }]
E86: status*: enum | M86: The status of a MedicationRequest object. This must be consistent across all MedicationRequests in a Bundle. | N86: Allowed: cancelled
E87: intent*: string | M87: The intent of a MedicationRequest object. This must be consistent across all MedicationRequests in a Bundle. | N87: Default: order
E88: category*: [{ | M88: Identifies the context in which a prescription is created. For example, a prescription created within primary care will be categorised as "community." Similarly, a prescription created within secondary care will be categorised as "inpatient" or "outpatient."
F89: coding: [{
G90: system*: enum | M90: Codesystem URL for the prescription category. | N90: Allowed: http://terminology.hl7.org/CodeSystem/medicationrequest-category
G91: code*: enum | M91: Code for the prescription category. | N91: Allowed: inpatient┃outpatient┃community┃discharge
G92: display: enum | M92: Display value for the prescription category. | N92: Allowed: Inpatient┃Outpatient┃Community┃Discharge
F93: }]
E94: }]
E95: medicationCodeableConcept*: { | M95: The medication that is being prescribed. This must be represented using a VMP or AMP concept from the dm+d.
F96: coding: [{
G97: system*: enum | M97: SNOMED codesystem URL. | N97: Allowed: http://snomed.info/sct
G98: code*: string | M98: SNOMED code for the medication, as defined in the dm+d.
G99: display: string | M99: Human readable name for the medication.
F100: }]
...

Sheet APPENDIX B - prescription-order
A1: Cancellation Request
A2: {
B3: resourceType*: string | L3: FHIR resource type. | M3: Default: Bundle
B4: id: enum | L4: An object ID for the Bundle. | M4: Allowed: 164996aa-29eb-4f14-a5ac-4b556a7baf6e
B5: identifier*: {
C6: system: enum | L6: codesystem URL for identifiers | M6: Allowed: https://tools.ietf.org/html/rfc4122
C7: value: string | L7: The X-Request ID for the message.
B8: type*: enum | L8: The reason why a series of resources and objects are grouped together. | M8: Allowed: message
B9: entry*: [{ | L9: A collection of resources contained within the Bundle.
C10: {
D11: fullUrl: string | L11: object URL for the resource
D12: resource: {
E13: resourceType*: string | L13: FHIR resource type. | M13: Default: MessageHeader
E14: eventCoding*: { | L14: The type of message event being generated.
F15: system: enum | L15: codesystem URL for message events. | M15: Allowed: https://fhir.nhs.uk/CodeSystem/message-event
F16: code: enum | L16: code for the message event. | M16: Allowed: prescription-order-update
F17: display: enum | L17: display value accompanying the code for the message event. | M17: Allowed: Prescription Order Update
E18: }
E19: source*: { | L19: The organisation originating the message.
F20: endpoint: string | L20: ODS code of the organisation originating the message, expressed as a URN.
E21: }
D22: }
C23: }
C24: {
D25: fullUrl: string | L25: object URL for the resource
D26: resource: { | L26: A cancel request is effectively an update to a prescription, expressed through a MedicationRequest resource for each line item that is being cancelled.
E27: resourceType*: enum | L27: FHIR resource type. | M27: Allowed: MedicationRequest
E28: statusReason*: { | L28: The reason the line item is being cancelled. The reason must be in line with the cancellation reasons vocabulary
F29: coding: [{
G30: system*: enum | L30: codesystem URL for the cancellation reason. | M30: Allowed: https://fhir.nhs.uk/CodeSystem/medicationrequest-status-reason
G31: code*: enum | L31: cancel reason code. | M31: Allowed: 0001┃0002┃0003┃0004┃0005┃0006┃0007┃0008┃0009
G32: display: enum | L32: the display accompanying the cancel reason code. | M32: Allowed: Prescribing error┃Clinical contra-indication┃Change to medication treatment regime┃Clinical grounds┃At the Patient's request┃At the Pharmacist's request┃Notification of Death┃Patient deducted - other reason┃Patient deducted- registered with new practice
F33: }]
E34: }
E35: extension: [{ | L35: A reference to the responsible party of a prescription, where they are distinct to the prescriber who authored the prescription.
E36: url: enum | L36: URL of the extension definition. | M36: Allowed: https://fhir.nhs.uk/StructureDefinition/Extension-DM-ResponsiblePractitioner
F37: valueReference: {
G38: reference: string | L38: A reference to a PractitionerRole resource within the Bundle.
G39: display: string | L39: The name of the responsible party.
F40: }
E41: }]
E42: identifier*: [{ | L42: The unique ID for each line item on a prescription.
F43: system*: enum | L43: Codesystem URL for the line item ID. | M43: Allowed: https://fhir.nhs.uk/Id/prescription-order-item-number
F44: value*: string | L44: The unique ID for a given line item.
E45: }]
E46: status*: enum | L46: The status of a MedicationRequest object. This must be consistent across all MedicationRequests in a Bundle. | M46: Allowed: cancelled
E47: intent*: string | L47: The intent of a MedicationRequest object. This must be consistent across all MedicationRequests in a Bundle. | M47: Default: order
E48: category*: [{ | L48: Identifies the context in which a prescription is created. For example, a prescription created within primary care will be categorised as "community." Similarly, a prescription created within secondary care will be categorised as "inpatient" or "outpatient."
F49: coding: [{
G50: system*: enum | L50: Codesystem URL for the prescription category. | M50: Allowed: http://terminology.hl7.org/CodeSystem/medicationrequest-category
G51: code*: enum | L51: Code for the prescription category. | M51: Allowed: inpatient┃outpatient┃community┃discharge
G52: display: enum | L52: Display value for the prescription category. | M52: Allowed: Inpatient┃Outpatient┃Community┃Discharge
F53: }]
E54: }]
E55: medicationCodeableConcept*: { | L55: The medication that is being cancelled. This must be represented as a VMP or AMP concept from the dm+d.
F56: coding: [{
G57: system*: enum | L57: SNOMED codesystem URL. | M57: Allowed: http://snomed.info/sct
G58: code*: string | L58: SNOMED code for the medication, as defined in the dm+d.
G59: display: string | L59: Human readable name for the medication.
F60: }]
E61: }
E62: subject*: { | L62: Reference object to identify the patient a prescription is for. A Patient resource within the Bundle must be referenced.
F63: reference: string | L63: A reference to a Patient resource within the Bundle.
E64: }
E65: authoredOn*: string | L65: The time at which the prescription was authored and signed.
E66: requester*: { | L66: Reference object to identify the author of a cancel request. A PractitionerRole resource within the Bundle must be referenced.
F67: reference: string | L67: A reference to a PractitionerRole resource within the Bundle.
E68: }
E69: groupIdentifier*: { | L69: An object containing the short-form and long-form Prescription ID.
F70: system: enum | L70: Codesystem URL for the short-form Prescription ID. | M70: Allowed: https://fhir.nhs.uk/Id/prescription-order-number
F71: value*: string | L71: The short-form Prescription ID.
F72: extension: [{ | L72: FHIR extension array containing the long-form Prescription ID
G73: url: enum | M73: Allowed: https://fhir.nhs.uk/StructureDefinition/Extension-DM-PrescriptionId
G74: valueIdentifier*: { | L74: The long-form identifier of the prescription.
H75: system: enum | L75: Codesystem URL for the long-form Prescription ID. | M75: Allowed: https://fhir.nhs.uk/Id/prescription
H76: value*: string | L76: The long-form prescription ID.
G77: }
F78: }]
E79: }
E80: courseOfTherapyType*: { | L80: The treatment type of the prescription, i.e. whether it is an acute, repeat, or eRD prescription.
F81: coding: [{
G82: system*: enum | L82: Codesystem URL for the prescription treatment type. | M82: Allowed: http://terminology.hl7.org/CodeSystem/medicationrequest-course-of-therapy
G83: code*: enum | L83: Code identifying the prescription treatment type. acute: acute prescriptions continuous: repeat prescriptions continuous-repeat-dispensing: eRD prescriptions | M83: Allowed: acute┃continuous┃continuous-repeat-dispensing
G84: display: enum | L84: Display value for the prescription treatment type. | M84: Allowed: Short course (acute) therapy┃Continuous long term therapy┃Continuous long term (repeat dispensing)
F85: }]
E86: ]
E87: dosageInstruction*: [{ | L87: The dosage instructions for a prescription. These must be expressed as both structured dose and text.
F88: sequence: integer | L88: The order of the dosage instructions. Indicates the order in which the dosage instructions should be applied or interpreted.
F89: text: string | L89: The dosage instructions expressed as text. Multiple dose text strings will be concatenated into a single string within the final prescription, in the sequence that they were provided. Instructions with the same sequence number will be separated by ", and" Instructions with different sequence numbers will be separated by ", then" Please do not use full stops or commas at the end of any instructions provided.
F90: additionalInstruction: [{ | L90: Supplemental instruction or warnings to the patient. E.g. "with meals", "may cause drowsiness".
G91: coding: [{
H92: system: enum | L92: SNOMED codesystem URL | M92: Allowed: http://snomed.info/sct
H93: code: string | L93: SNOMED code for additional dosage instructions.
H94: display: string | L94: Additional dosage instructions (qualifier value).
G95: }]
F96: }]
F97: patientInstruction: string | L97: Patient or consumer oriented instructions.
F98: timing: { | L98: A structured expression of dose frequency.
G99: repeat: { | L99: The frequency and period over which the medication should be consumed.
H100: boundsDuration: { | L100: The bounds duration at which the medication should be consumed. E.g. "4" for 4 days.
...

Sheet Appendix C CPIS patients
A3: UNIQUE_ID | B3: NHS_NO | C3: DOB | D3: DOD | E3: FAMILY_NAME | F3: GIVEN_NAME | G3: OTHER_GIVEN_NAME | H3: TITLE | I3: GENDER | J3: ADDR1 | K3: ADDR2 | L3: ADDR3 | M3: ADDR4 | N3: ADDR5 | O3: POST_CODE | P3: SENSITIVE_FLAG | Q3: GPP | R3: SCENARIO
A4: 1 | B4: 9730015198 | C4: 31608 | E4: HOPLEY | F4: Flora | G4: Gwen | H4: MRS | I4: Female | K4: 1 WARES WAY | L4: GUNNESS | M4: SCUNTHORPE | N4: S HUMBERSIDE | O4: DN15 8DU | Q4: A20047 | R4: ScenarioOne_MotherOver18withUCPP
A5: 2 | B5: 9730015201 | C5: 38363 | E5: VALE | F5: Zoe | H5: Mrs | I5: Female | J5: NEW HOUSE | K5: HOOK ROAD | L5: AMCOTTS | M5: SCUNTHORPE | N5: S HUMBERSIDE | O5: DN17 4AZ | Q5: A20047 | R5: ScenarioTwo_MotherEquals18
A6: 3 | B6: 9730015228 | C6: 40393 | E6: VALE | F6: Mary | G6: Connie | H6: Miss | I6: Female | J6: NEW HOUSE | K6: HOOK ROAD | L6: AMCOTTS | M6: SCUNTHORPE | N6: S HUMBERSIDE | O6: DN17 4AZ | Q6: A20047 | R6: ScenarioTwo_ChildOnewithCPP
A7: 4 | B7: 9730015236 | C7: 44773 | E7: VALE | F7: Bert | H7: Mr | I7: Male | J7: NEW HOUSE | K7: HOOK ROAD | L7: AMCOTTS | M7: SCUNTHORPE | N7: S HUMBERSIDE | O7: DN17 4AZ | Q7: A20047 | R7: ScenarioTwo_ChildTwoNoCPP
A8: 5 | B8: 9730015244 | C8: 45208 | E8: VALE | F8: Lloyd | G8: Alec | H8: Mr | I8: Male | J8: NEW HOUSE | K8: HOOK ROAD | L8: AMCOTTS | M8: SCUNTHORPE | N8: S HUMBERSIDE | O8: DN17 4AZ | Q8: A20047 | R8: ScenarioTwo_ChildThreeNoCPP
A9: 6 | B9: 9730015252 | C9: 36259 | E9: CANNON | F9: Bob | G9: Dwayne | H9: Mr | I9: Male | K9: 1 WUDATON COURT | L9: WOOTTON | M9: ULCEBY | N9: S HUMBERSIDE | O9: DN39 6SQ | Q9: A20047 | R9: ScenarioThree_FosterFatherOver18
A10: 7 | B10: 9730015260 | C10: 41546 | E10: CANNON | F10: Ramona | G10: Hattie | H10: Miss | I10: Female | K10: 1 WUDATON COURT | L10: WOOTTON | M10: ULCEBY | N10: S HUMBERSIDE | O10: DN39 6SQ | Q10: A20047 | R10: ScenarioThree_LAC
A11: 8 | B11: 9730015279 | C11: 38700 | E11: LEE | F11: Rhoda | G11: Lizzie | H11: Mr | I11: Female | K11: 1 ST. JOANS DRIVE | L11: SCAWBY | M11: BRIGG | N11: S HUMBERSIDE | O11: DN20 9BE | Q11: A20047 | R11: ScenarioFour_FatherUnder18
A12: 9 | B12: 9730015287 | C12: 45201 | E12: LEE | F12: Roland | H12: Mr | I12: Male | K12: 1 ST. JOANS DRIVE | L12: SCAWBY | M12: BRIGG | N12: S HUMBERSIDE | O12: DN20 9BE | Q12: A20047 | R12: ScenarioFour_LAC
A13: 10 | B13: 9730015295 | C13: 40495 | E13: PEENEY | F13: Olive | G13: Anne | H13: MISS | I13: Female | K13: 2 STATION ROAD | L13: BURRINGHAM | M13: SCUNTHORPE | N13: S HUMBERSIDE | O13: DN17 3LU | Q13: A20047 | R13: ScenarioFive_FemaleChildCPP_LAC_UCPP
A14: 11 | B14: 9730015309 | C14: 40155 | E14: ROGERS | F14: Megan | H14: MISS | I14: Female | K14: 2 FAIRFIELD CLOSE | L14: BROUGHTON | M14: BRIGG | N14: S HUMBERSIDE | O14: DN20 0TT | Q14: A20047 | R14: ScenarioSix_FemaleChildCPP_UCPP
A15: 12 | B15: 9730015317 | C15: 32877 | E15: NIXON | F15: Keith | H15: Mr | I15: Male | K15: 1 SOMERSET DRIVE | L15: BURTON-UPON-STATHER | M15: SCUNTHORPE | N15: S HUMBERSIDE | O15: DN15 9HN | Q15: A20047 | R15: ScenarioSeven_RelativeOver18
A16: 13 | B16: 9730015325 | C16: 41270 | E16: NIXON | F16: Winnie | G16: Tammy | H16: Miss | I16: Female | K16: 1 SOMERSET DRIVE | L16: BURTON-UPON-STATHER | M16: SCUNTHORPE | N16: S HUMBERSIDE | O16: DN15 9HN | Q16: A20047 | R16: ScenarioSeven_FemaleChild_LAC_UCPP
A17: 14 | B17: 9730015333 | C17: 40316 | E17: DAWBER | F17: Sandra | G17: Viola | H17: MISS | I17: Female | K17: 10 DALE STREET | M17: SCUNTHORPE | N17: S HUMBERSIDE | O17: DN15 7LW | Q17: A20047 | R17: ScenarioEight_FemaleChild_UCPP
A18: 15 | B18: 9730015341 | C18: 31070 | E18: TWIST | F18: Penny | G18: Peggy | H18: MISS | I18: Female | K18: 36 WHARF ROAD | L18: CROWLE | M18: SCUNTHORPE | N18: S HUMBERSIDE | O18: DN17 4HU | Q18: A20047 | R18: ScenarioOne_MotherOver18withUCPP-expired
A19: 16 | B19: 9730015368 | C19: 38384 | E19: SYKES | F19: Mandy | G19: Elaine | H19: Mrs | I19: Female | K19: 5 HIGH STREET | L19: KIRMINGTON | M19: ULCEBY | N19: S HUMBERSIDE | O19: DN39 6YZ | Q19: A20047 | R19: ScenarioTwo_MotherEquals18-expired
A20: 17 | B20: 9730015376 | C20: 40273 | E20: SYKES | F20: Isobel | G20: Sara | H20: Miss | I20: Female | K20: 5 HIGH STREET | L20: KIRMINGTON | M20: ULCEBY | N20: S HUMBERSIDE | O20: DN39 6YZ | Q20: A20047 | R20: ScenarioTwo_ChildOnewithCPP-expired
A21: 18 | B21: 9730015384 | C21: 43479 | E21: SYKES | F21: Neil | G21: Edmund | H21: Mr | I21: Male | K21: 5 HIGH STREET | L21: KIRMINGTON | M21: ULCEBY | N21: S HUMBERSIDE | O21: DN39 6YZ | Q21: A20047 | R21: ScenarioTwo_ChildTwoNoCPP-expired
A22: 19 | B22: 9730015392 | C22: 45206 | E22: SYKES | F22: Randal | G22: Ted | H22: Mr | I22: Male | K22: 5 HIGH STREET | L22: KIRMINGTON | M22: ULCEBY | N22: S HUMBERSIDE | O22: DN39 6YZ | Q22: A20047 | R22: ScenarioTwo_ChildThreeNoCPP-expired
A23: 20 | B23: 9730015406 | C23: 37917 | E23: STRONG | F23: Herman | H23: Mr | I23: Male | K23: 1 CAISTOR ROAD | M23: BARTON-UPON-HUMBER | N23: S HUMBERSIDE | O23: DN18 6AH | Q23: A20047 | R23: ScenarioThree_FosterFatherOver18-expired
A24: 21 | B24: 9730015414 | C24: 41297 | E24: STRONG | F24: Liddy | G24: Heidi | H24: Miss | I24: Female | K24: 1 CAISTOR ROAD | M24: BARTON-UPON-HUMBER | N24: S HUMBERSIDE | O24: DN18 6AH | Q24: A20047 | R24: ScenarioThree_LAC-expired
A25: 22 | B25: 9730015422 | C25: 40010 | E25: WELSH | F25: Zenia | G25: Sibyl | H25: Mr | I25: Female | K25: 5 LINTON CLOSE | L25: WESTWOODSIDE | M25: DONCASTER | O25: DN9 2FS | Q25: A20047 | R25: ScenarioFour_FatherUnder18-expired
A26: 23 | B26: 9730015430 | C26: 45203 | E26: WELSH | F26: George | G26: Josh | H26: Mr | I26: Male | K26: 5 LINTON CLOSE | L26: WESTWOODSIDE | M26: DONCASTER | O26: DN9 2FS | Q26: A20047 | R26: ScenarioFour_LAC-expired
A27: 24 | B27: 9730015449 | C27: 41156 | E27: MANGAN | F27: Kristi | G27: Diane | H27: MISS | I27: Female | J27: THE CHESTNUTS | L27: CROWLE | M27: SCUNTHORPE | N27: S HUMBERSIDE | O27: DN17 4BW | Q27: A20047 | R27: ScenarioFive_FemaleChildCPP_LAC_UCPP-expired
A28: 25 | B28: 9730015457 | C28: 40471 | E28: MARSH | F28: Elisa | H28: MS | I28: Female | K28: 5 NEWPORT DRIVE | L28: WINTERTON | M28: SCUNTHORPE | N28: S HUMBERSIDE | O28: DN15 9RG | Q28: A20047 | R28: ScenarioSix_FemaleChildCPP_UCPP-expired
A29: 26 | B29: 9730015465 | C29: 35979 | E29: DOPSON | F29: Isaac | G29: Shaun | H29: Mr | I29: Male | J29: ANDREW | K29: FRONT STREET | L29: ALKBOROUGH | M29: SCUNTHORPE | O29: DN15 9JW | Q29: A20047 | R29: ScenarioSeven_RelativeOver18-expired
A30: 27 | B30: 9730015473 | C30: 41330 | E30: DOPSON | F30: Megan | G30: Roslyn | H30: Miss | I30: Female | J30: ANDREW | K30: FRONT STREET | L30: ALKBOROUGH | M30: SCUNTHORPE | O30: DN15 9JW | Q30: A20047 | R30: ScenarioSeven_FemaleChild_LAC_UCPP-expired
A31: 28 | B31: 9730015481 | C31: 40852 | E31: DAWN | F31: Zoe | H31: MISS | I31: Female | K31: 10 WEST COMMON LANE | M31: SCUNTHORPE | N31: S HUMBERSIDE | O31: DN17 1DX | Q31: A20047 | R31: ScenarioEight_FemaleChild_UCPP-expired
A32: 29 | B32: 9730015503 | C32: 44001 | E32: MENEAR | F32: June | G32: Lynne | H32: MISS | I32: Female | J32: COMMON FARM | K32: SANDTOFT ROAD | L32: BELTON | M32: DONCASTER | N32: S YORKSHIRE | O32: DN9 1RX | Q32: A20047 | R32: ScenarioNine_LAC-25views
A33: 30 | B33: 9730015511 | C33: 43803 | E33: GRAVES | F33: Evan | G33: Edward | H33: MR | I33: Male | K33: 31 STATION ROAD | L33: GUNNESS | M33: SCUNTHORPE | N33: S HUMBERSIDE | O33: DN15 8TQ | Q33: A20047 | R33: ScenarioNine_LAC-26views
A34: 31 | B34: 9730015538 | C34: 44005 | E34: RISLEY | F34: Martin | G34: Josh | H34: MR | I34: Male | K34: 10 GLEBE WAY | M34: BARTON-UPON-HUMBER | N34: S HUMBERSIDE | O34: DN18 6LB | Q34: A20047 | R34: ScenarioNine_LAC-25views-expired
A35: 32 | B35: 9730015546 | C35: 44559 | E35: COOK | F35: Abby | G35: Leah | H35: MISS | I35: Female | K35: 1 GROSVENOR STREET | M35: SCUNTHORPE | O35: DN15 6BE | Q35: A20047 | R35: ScenarioNine_LAC-26views-expired
A36: 33 | B36: 9730015554 | C36: 44101 | E36: BOW | F36: Nancy | G36: Gloria | H36: MISS | I36: Female | K36: 100 VALLEY VIEW DRIVE | M36: SCUNTHORPE | N36: S HUMBERSIDE | O36: DN16 3TB | Q36: A20047 | R36: ScenarioNine_LAC-25views
A37: 33 | B37: 9730015562 | C37: 44349 | E37: HISLOP | F37: Millie | G37: Helene | H37: MS | I37: Female | K37: 188 WARLEY ROAD | M37: SCUNTHORPE | N37: S HUMBERSIDE | O37: DN16 1PP | Q37: A20047 | R37: ScenarioNine_LAC-25views
A38: 33 | B38: 9730015570 | C38: 43689 | E38: RAFFLE | F38: Grace | G38: Lela | H38: MS | I38: Female | K38: 11 SOUTH VIEW | L38: BROUGHTON | M38: BRIGG | N38: S HUMBERSIDE | O38: DN20 0EE | Q38: A20047 | R38: ScenarioNine_LAC-25views
A39: 33 | B39: 9730015589 | C39: 44204 | E39: RODDY | F39: Phoebe | G39: Maxine | H39: MS | I39: Female | J39: CLIFF HOUSE | L39: WHITTON | M39: SCUNTHORPE | O39: DN15 9LJ | Q39: A20047 | R39: ScenarioNine_LAC-25views
A40: 33 | B40: 9730015597 | C40: 44049 | E40: LUNDON | F40: Linda | H40: MISS | I40: Female | J40: GREENGATES | K40: SILVERSIDES LANE | L40: SCAWBY BROOK | M40: BRIGG | N40: S HUMBERSIDE | O40: DN20 9JP | Q40: A20047 | R40: ScenarioNine_LAC-25views
A41: 33 | B41: 9730015600 | C41: 43670 | E41: ERVING | F41: Diane | G41: Gladys | H41: MS | I41: Female | K41: 1 POPLAR GARDENS | M41: SCUNTHORPE | N41: S HUMBERSIDE | O41: DN16 2HG | Q41: A20047 | R41: ScenarioNine_LAC-25views
A42: 33 | B42: 9730015619 | C42: 43494 | E42: MCVEY | F42: Marian | G42: Diana | H42: MISS | I42: Female | K42: 1 GOODHAND CLOSE | M42: BARTON-UPON-HUMBER | N42: S HUMBERSIDE | O42: DN18 6JX | Q42: A20047 | R42: ScenarioNine_LAC-25views
A43: 33 | B43: 9730015627 | C43: 44553 | E43: LANDO | F43: Mavis | G43: Mandy | H43: MISS | I43: Female | K43: 6 POTTERS CLOSE | L43: GOXHILL | M43: BARROW-UPON-HUMBER | N43: S HUMBERSIDE | O43: DN19 7UP | Q43: A20047 | R43: ScenarioNine_LAC-25views
A44: 33 | B44: 9730015635 | C44: 43593 | E44: STUART | F44: Helena | G44: Diane | H44: MS | I44: Female | K44: 10 SALISBURY CLOSE | M44: SCUNTHORPE | N44: S HUMBERSIDE | O44: DN17 1PZ | Q44: A20047 | R44: ScenarioNine_LAC-25views
A45: 34 | B45: 9730015643 | C45: 44817 | E45: ANDREW | F45: Alicia | G45: Polly | H45: MS | I45: Female | K45: 39 AXHOLME ROAD | M45: SCUNTHORPE | N45: S HUMBERSIDE | O45: DN15 7HJ | Q45: A20047 | R45: ChildwithCPP_noAccesses
A46: 34 | B46: 9730015651 | C46: 43721 | E46: PENDRY | F46: Angela | G46: June | H46: MISS | I46: Female | J46: MOUNT PLEASANT FARM COTTAGE | K46: NORTH CLIFF ROAD | L46: KIRTON LINDSEY | M46: GAINSBOROUGH | N46: LINCS | O46: DN21 4LB | Q46: A20047 | R46: ChildwithCPP_noAccesses
A47: 34 | B47: 9730015678 | C47: 43520 | E47: CASH | F47: Alicia | H47: MS | I47: Female | K47: 10 STUART CLOSE | M47: SCUNTHORPE | N47: S HUMBERSIDE | O47: DN17 2RL | Q47: A20047 | R47: ChildwithCPP_noAccesses
A48: 34 | B48: 9730015686 | C48: 44471 | E48: ORME | F48: Verena | H48: MISS | I48: Female | K48: 10 QUEENS CRESCENT | L48: KEADBY | M48: SCUNTHORPE | N48: S HUMBERSIDE | O48: DN17 3DJ | Q48: A20047 | R48: ChildwithCPP_noAccesses
A49: 34 | B49: 9730015694 | C49: 44032 | E49: STYCHE | F49: Sally | G49: Alicia | H49: MISS | I49: Female | K49: 12 CLIFF CLOSES ROAD | M49: SCUNTHORPE | N49: S HUMBERSIDE | O49: DN15 7HU | Q49: A20047 | R49: ChildwithCPP_noAccesses
A50: 34 | B50: 9730015708 | C50: 44417 | E50: KURTZ | F50: Jodi | H50: MISS | I50: Female | J50: 1 BELTON GATE VILLAS | K50: BELTON ROAD | L50: EPWORTH | M50: DONCASTER | N50: S YORKSHIRE | O50: DN9 1JW | Q50: A20047 | R50: ChildwithCPP_noAccesses
A51: 34 | B51: 9730015716 | C51: 44453 | E51: BARKER | F51: Hariot | G51: Vicki | H51: MISS | I51: Female | K51: 10 NORTH STREET | L51: CROWLE | M51: SCUNTHORPE | O51: DN17 4NB | Q51: A20047 | R51: ChildwithCPP_noAccesses
A52: 34 | B52: 9730015724 | C52: 44017 | E52: GOFF | F52: Viola | G52: Kari | H52: MS | I52: Female | K52: 1 CAISTOR AVENUE | M52: SCUNTHORPE | N52: S HUMBERSIDE | O52: DN16 3QZ | Q52: A20047 | R52: ChildwithCPP_noAccesses
A53: 34 | B53: 9730015732 | C53: 43394 | E53: NORTON | F53: Tara | G53: Selena | H53: MISS | I53: Female | K53: 12 ASHBY HIGH STREET | M53: SCUNTHORPE | N53: S HUMBERSIDE | O53: DN16 2NL | Q53: A20047 | R53: ChildwithCPP_noAccesses
A54: 34 | B54: 9730015740 | C54: 43476 | E54: PETERS | F54: Zelma | G54: Lauren | H54: MS | I54: Female | K54: 1 WEST SQUARE | M54: BRIGG | N54: S HUMBERSIDE | O54: DN20 8QQ | Q54: A20047 | R54: ChildwithCPP_noAccesses
A55: 35 | B55: 9730015759 | C55: 40501 | E55: CREAN | F55: Holly | H55: MIss | I55: Female | K55: 51 SUNNINGDALE ROAD | M55: SCUNTHORPE | O55: DN17 2TW | Q55: A20047 | R55: Child < 17 years with a CPP that has start date only
A56: 36 | B56: 9730015767 | C56: 39949 | E56: MANTON | F56: Sylvia | G56: Serena | H56: MIss | I56: Female | K56: 1 LOWER MEADOWS | M56: BARTON-UPON-HUMBER | N56: S HUMBERSIDE | O56: DN18 5RY | Q56: A20047 | R56: Child < 17 years with both a CPP and LAC that have start dates only
A57: 37 | B57: 9730015775 | C57: 40443 | E57: ANWYLL | F57: Janet | G57: Agnes | H57: MIss | I57: Female | K57: 11 FULBECK ROAD | M57: SCUNTHORPE | N57: S HUMBERSIDE | O57: DN16 2LL | Q57: A20047 | R57: Child < 17 years with a CPP that has a start and end date and a LAC with only a start date. Both also have future delete dates
A58: 38 | B58: 9730015783 | C58: 40413 | E58: HAYDEN | F58: Glenda | G58: Ellen | H58: Mss | I58: Female | J58: MANOR FARM | K58: SCHOOL LANE | L58: APPLEBY | M58: SCUNTHORPE | O58: DN15 0AW | Q58: A20047 | R58: mother < 17 years with a LAC with no end date and also a UCPP (which must have an end date, but do not include a delete date).
A59: 39 | B59: 9730015791 | C59: 39710 | E59: RAY | F59: Annie | G59: Yvette | H59: Mss | I59: Female | K59: 10 ASHFIELD PARK | M59: SCUNTHORPE | O59: DN17 2AS | Q59: A20047 | R59: Child < 17 years with a CPP with Local Authority A and also one with Local Authority B. Differing start and end dates with both start dates in the past and both end dates in the future i.e. both plans need to be active.
A60: 40 | B60: 9730015805 | C60: 39373 | E60: WOOD | F60: Ramona | H60: Mss | I60: Female | K60: 2 PARKLANDS MOBILE HOMES | M60: SCUNTHORPE | N60: S HUMBERSIDE | O60: DN17 1SQ | Q60: A20047 | R60: Child < 17 years with a CPP with Local Authority A and also one with Local Authority B. Differing start and end dates. Both start dates in the past, and one end date also in the (very recent) past i.e. only one of the plans is active.

Sheet Appendix - GPConnect HTML Patie
A1: SECTION 1 - Patients that exist on the NHS-D Consumer System Demonstrator - https://orange.testlab.nhs.uk/demonstrator-v0.html
A2: Cells containing a '0' should not have any data for that section Cells containing an 'x' should have data for that section Cells containing brackets and a date range should contain data for that section within the date range Cells containing a '?' can have data or no data as this does not matter for the test scenario
C4: Administrative Items | D4: Current Allergies | E4: Historical Allergies | F4: Clinical Items | G4: Encounters | H4: Immunisations | I4: Acute Medication (Last 12 Months) | J4: Current Repeat Medication | K4: Discontinued Repeat Medication | L4: All Medication | M4: All Medication Issues | N4: Observations | O4: Active Problems | P4: Major Inactive Problems | Q4: Other Inactive Problems | R4: Referrals | S4: Other Requirements
A5: Patient 1 | B5: Don't use Jase... | C5: 0 | D5: 0 | E5: 0 | F5: 0 | G5: 0 | H5: 0 | I5: 0 | J5: 0 | K5: 0 | L5: 0 | M5: 0 | N5: 0 | O5: 0 | Q5: 0 | R5: 0
A6: Patient 2 | B6: 9658218873 | C6: ( 01/05/2015 - 01/07/2016 ) | D6: ( 01/05/2015 - 01/07/2016 ) | E6: ( 01/05/2015 - 01/07/2016 ) | F6: ( 01/05/2015 - 01/07/2016 ) | G6: ( 01/05/2015 - 01/07/2016 ) | H6: ( 01/05/2015 - 01/07/2016 ) | I6: x | J6: ( 01/05/2015 - 01/07/2016 ) | K6: ( 01/05/2015 - 01/07/2016 ) | L6: ( 01/05/2015 - 01/07/2016 ) | M6: ( 01/05/2015 - 01/07/2016 ) | N6: ( 01/05/2015 - 01/07/2016 ) | O6: ( 01/05/2015 - 01/07/2016 ) | P6: ( 01/05/2015 - 01/07/2016 ) | Q6: ( 01/05/2015 - 01/07/2016 ) | R6: ( 01/05/2015 - 01/07/2016 ) | S6: Patient must have at least 4 unique medication issues and also the same medication issued at least 2 times. (this is for checking the "All Medication" table on Meds correctly counts and groups)
A7: Patient 3 | B7: 9658218881 | C7: ? | D7: x | E7: 0 | F7: ? | G7: ? | H7: ? | I7: x | J7: 0 | K7: ? | L7: 0 | M7: 0 | N7: ? | O7: x | P7: 0 | Q7: 0 | R7: ?
A8: Patient 4 | B8: 9658218903 | C8: ? | D8: 0 | E8: x | F8: ? | G8: ? | H8: ? | I8: 0 | J8: x | K8: ? | L8: 0 | M8: 0 | N8: ? | O8: 0 | P8: x | Q8: x | R8: ?
A9: Patient 5 | B9: 9658218989 | C9: ? | D9: ? | E9: ? | F9: ? | G9: ? | H9: ? | I9: 0 | J9: 0 | K9: ? | L9: x | M9: x | N9: ? | O9: ? | P9: ? | Q9: ? | R9: ?
A10: Patient 6 | B10: 9658218997 | C10: ? | D10: ? | E10: ? | F10: ? | G10: ? | H10: ? | I10: x | J10: x | K10: ? | L10: 0 | M10: 0 | N10: ? | O10: ? | P10: ? | Q10: ? | R10: ?
A11: Patient 7 | B11: 9658219004 | C11: ? | D11: ? | E11: ? | F11: ? | G11: ? | H11: ? | I11: 0 | J11: x | K11: ? | L11: x | M11: x | N11: ? | O11: ? | P11: ? | Q11: ? | R11: ?
A12: Patient 8 | B12: 9658219012 | C12: ? | D12: ? | E12: ? | F12: ? | G12: ? | H12: ? | I12: x | J12: 0 | K12: ? | L12: x | M12: x | N12: ? | O12: ? | P12: ? | Q12: ? | R12: ?
A13: Patient 9 | B13: 9658220142 | C13: x | D13: x | E13: x | F13: x | G13: x | H13: x | I13: x | J13: x | K13: x | L13: x | M13: x | N13: x | O13: x | P13: x | Q13: x | R13: x | S13: Sensitive Flag
A14: Patient 10 | B14: 9658220150 | C14: 0 | D14: x | E14: 0 | F14: 0 | G14: x | H14: 0 | I14: 0 | J14: x | K14: x | L14: 0 | M14: 0 | N14: 0 | O14: x | P14: ? | Q14: ? | R14: x | S14: Sensitive Flag
A15: Patient 11 | B15: 9658220223 | C15: x | D15: x | E15: x | F15: x | G15: x | H15: x | I15: x | J15: x | K15: x | L15: x | M15: x | N15: x | O15: x | P15: x | Q15: x | R15: x | S15: Superseded NHS Number
A16: Patient 12 | B16: 9658220215 | C16: x | D16: x | E16: x | F16: x | G16: x | H16: x | I16: x | J16: x | K16: x | L16: x | M16: x | N16: x | O16: x | P16: x | Q16: x | R16: x | S16: Merged patient record | T16: Demographic difference in dob
A17: Patient 13 | B17: 9658219691 | C17: x | D17: x | E17: x | F17: x | G17: x | H17: x | I17: x | J17: x | K17: x | L17: x | M17: x | N17: x | O17: x | P17: x | Q17: x | R17: x | S17: Patient in transit | T17: Demographic difference in given name
A18: Patient 14 | B18: 9476718943 | C18: x | D18: x | E18: x | F18: x | G18: x | H18: x | I18: x | J18: x | K18: x | L18: x | M18: x | N18: x | O18: x | P18: x | Q18: x | R18: x | S18: Patient not on spine but in provider system (i.e. no PDS) | T18: Weird data => not usable for demo
A19: Patient 15 | B19: 9658220169 | C19: x | D19: x | E19: x | F19: x | G19: x | H19: x | I19: x | J19: x | K19: x | L19: x | M19: x | N19: x | O19: x | P19: x | Q19: x | R19: x | S19: Patient which has opted out of data sharing agreement
A23: SECTION 2 - Patients that exist on the EMIS test demonstrator system
A24: NHS_NO | B24: DOB | C24: DOD | D24: FAMILY_NAME | E24: GIVEN_NAME | F24: OTHER_GIVEN_NAME | G24: TITLE | H24: GENDER | I24: ADDR1 | J24: ADDR2 | K24: ADDR3 | L24: ADDR4 | M24: ADDR5 | N24: POST_CODE | O24: SENSITIVE_FLAG | P24: GPP | Q24: Notes on patient data on record
A25: 9674960007 | B25: 24/02/1923 | D25: WEBBER | E25: Horton | F25: Jules | G25: MR | H25: Male | J25: 23 RICHARDSHAW LANE | L25: PUDSEY | N25: LS28 7NB | P25: B86071 | Q25: Data covering all areas of HTML views, including RCGP exclusion codes. Sceanrios include diagnosis and referral for an allergy Mobile Nu,ber Added
A26: 9674960015 | B26: 16/07/1942 | D26: MCEVOY | E26: Otto | F26: Edward | G26: MR | H26: Male | J26: 1 CARR HILL RISE | K26: CALVERLEY | L26: PUDSEY | M26: W YORKSHIRE | N26: LS28 5QD | P26: B86071 | Q26: Single problem with multiple medications
A27: 9674960023 | B27: 17/07/1950 | D27: PETTIT | E27: Milo | F27: Karl | G27: MR | H27: Male | J27: 2 ACRES HALL DRIVE | L27: PUDSEY | M27: W YORKSHIRE | N27: LS28 9DX | P27: B86071 | Q27: Series of consultations relating to chest cold with a past problem of a cold
A28: 9674960031 | B28: 17/03/1933 | D28: POLE | E28: Archie | F28: Tim | G28: MR | H28: Male | J28: 1 HORTON CLOSE | K28: RODLEY | L28: LEEDS | N28: LS13 1PJ | P28: B86071 | Q28: Only referral data, no specific scenarios
A29: 9674960058 | B29: 02/02/1937 | D29: SAMUAL | E29: Darren | F29: Ramon | G29: MR | H29: Male | J29: 1 CROSS BATH ROAD | L29: LEEDS | N29: LS13 3BH | P29: B86071 | Q29: Only problem data, mixture of current, past, significant and minor problems
A30: 9674960066 | B30: 17/05/1931 | D30: EAUDE | E30: Rufus | F30: Max | G30: MR | H30: Male | J30: 30 RADCLIFFE LANE | L30: PUDSEY | M30: W YORKSHIRE | N30: LS28 8BE | P30: B86071 | Q30: Only allergy data, no specific scenarios
A31: 9674960074 | B31: 31/07/1920 | D31: SHARP | E31: Albert | G31: MR | H31: Male | J31: 2 CRIMBLES ROAD | L31: PUDSEY | M31: W YORKSHIRE | N31: LS28 9BQ | P31: B86071 | Q31: Only observations data, no specific scenarios
A32: 9674960082 | B32: 23/12/1935 | D32: HEALD | E32: Daren | F32: Amos | G32: MR | H32: Male | J32: 1 RUSHOLME DRIVE | K32: FARSLEY | L32: PUDSEY | M32: W YORKSHIRE | N32: LS28 5HQ | P32: B86071 | Q32: Single consultation with a problem relating to smoking advice and a subsequent referral
A33: 9674960090 | B33: 02/02/1931 | D33: TOWNE | E33: Howard | F33: Brett | G33: MR | H33: Male | J33: 11 GALLOWAY LANE | L33: PUDSEY | M33: W YORKSHIRE | N33: LS28 7UG | P33: B86071 | Q33: Single consultation with observations, separately issued repeat dispensing medication
A34: 9674960104 | B34: 10/01/1932 | D34: EUSTON | E34: Roy | F34: Jon | G34: MR | H34: Male | J34: 11 PINFOLD LANE | K34: ARMLEY | L34: LEEDS | N34: LS12 3LL | P34: B86071 | Q34: Two consultations with medication entered in both as well as problems
A35: 9674960112 | B35: 04/07/1939 | D35: LAFONE | E35: Mandy | G35: MS | H35: Female | J35: 4 STRADBROKE WAY | L35: LEEDS | N35: LS12 4NB | P35: B86071 | Q35: 5 codes on record all on RCGP exclusion list
A36: 9674960120 | B36: 05/05/1933 | D36: KEENAN | E36: Elsie | F36: Sharon | G36: MS | H36: Female | J36: 10 BROOKFIELD COURT | L36: LEEDS | N36: LS13 1ND | P36: B86071 | Q36: Asthma consultations, meds, problem and referral
A37: 9674960139 | B37: 28/03/1940 | D37: JACK | E37: Tamsyn | F37: Jane | G37: MS | H37: Female | J37: 10 STONECLIFFE WALK | L37: LEEDS | N37: LS12 5BG | P37: B86071 | Q37: Prescription with a subsequent allergy to the prescription
A38: 9674960147 | B38: 15/03/1923 | D38: MCEVOY | E38: Stella | G38: MRS | H38: Female | J38: 742 WHITEHALL ROAD | L38: LEEDS | N38: LS12 5HP | P38: B86071 | Q38: Large amount of data with no specific scenarios
A39: 9674960155 | B39: 02/02/1922 | D39: GEE | E39: Debbie | F39: Peggy | G39: MRS | H39: Female | J39: 1 KIRKLAND VILLAS | L39: PUDSEY | M39: W YORKSHIRE | N39: LS28 8PD | P39: B86071 | Q39: Small amount of data with no specific scenarios
A40: 9674961216 | B40: 18/07/1994 | D40: BAND | E40: David | F40: Justin | G40: MR | H40: Male | J40: 2 NORTHWOOD CLOSE | L40: PUDSEY | M40: W YORKSHIRE | N40: LS28 9LP | O40: I | P40: B86071 | Q40: Single depression consultation
A41: 9674961224 | B41: 11/06/1966 | D41: DOYLE | E41: Dean | F41: Dwayne | G41: MR | H41: Male | I41: FLAT 2 | J41: 16 HOUGH LANE | L41: LEEDS | N41: LS13 3NE | O41: B | P41: B86071 | Q41: Problem and meds within patient consultation
A42: 9674961267 | B42: 21/11/1979 | D42: MAY | E42: Jeanne | F42: Kirsty | G42: MISS | H42: Female | J42: 14 DICK LANE | K42: THORNBURY | L42: BRADFORD | M42: W YORKSHIRE | N42: BD3 7AT | O42: S | P42: B86071 | Q42: Single consultation with various observations, no particular scenarios
A46: SECTION 3 - Patients that exist on the TPP test demonstrator system
A47: PatientName | B47: NHSNumber | C47: DateOfBirth | D47: NationalPracticeCode
A48: 944 450 0764 | B48: Ms Orpha Gracie | C48: 20680 | D48: J82132 | E48: Test Patient has a Revised Mobile Number
A49: 945 006 3869 | B49: Mr Yi Yeh | C49: 2216 | D49: J82132 | E49: Configured of 0.7.3
A50: 945 005 6234 | B50: Ms Adelle Gregor | C50: 40362 | D50: J82132 | E50: This patient has not consented to share out her data.

Sheet Appendix - Test patients
B2: Age (for Foundry tests) | C2: AGE (in words) | D2: NHS_NUMBER | E2: DATE_OF_BIRTH | G2: GIVEN_NAME | H2: OTHER_GIVEN_NAME | I2: FAMILY_NAME | J2: TITLE | K2: GENDER | L2: ADDRESS_LINE_1 | M2: ADDRESS_LINE_2 | N2: ADDRESS_LINE_3 | O2: ADDRESS_LINE_4 | P2: ADDRESS_LINE_5 | Q2: PAF_KEY | R2: SENSITIVE_FLAG | S2: PRIMARY_CARE_CODE | T2: REF_ID | U2: POST_CODE | V2: Notes
A3: 01/01/1850 | B3: =(NOW()-A3)/365 -> #VALUE! | C3: =INT(B3) & " years, " & INT((B3-INT(B3))*12) & " months" -> #VALUE! | D3: 9462658110 | E3: 201405 | G3: Derek | H3: Graham | I3: LESLIE | J3: MR | K3: Male | L3: STUDLEY HOUSE | M3: GARSDALE AVENUE | O3: BRADFORD | P3: W YORKSHIRE | Q3: 15746277 | U3: BD10 9DB | V3: DoB - Too small
A4: 329 | B4: =(NOW()-A4)/365 -> 125.60713 | C4: =INT(B4) & " years, " & INT((B4-INT(B4))*12) & " months" -> 125 years, 7 months | D4: 9449304173 | E4: 19001124 | G4: WAFEEQ | H4: SADI | I4: AL-SHOWAIER | J4: MR | K4: Male | L4: 1 STONELEIGH COURT | M4: STATION ROAD | N4: STOKE D'ABERNON | O4: COBHAM | P4: SURREY | Q4: 27126696 | S4: H81109 | U4: KT11 3BT
A5: 359 | B5: =(NOW()-A5)/365 -> 125.52494 | C5: =INT(B5) & " years, " & INT((B5-INT(B5))*12) & " months" -> 125 years, 6 months | D5: 9449305188 | E5: 19001224 | G5: MICAH | H5: ALAN | I5: BALDING | J5: MR | K5: Male | M5: 10 CHETWODE DRIVE | O5: EPSOM | P5: SURREY | Q5: 7334736 | S5: H81109 | U5: KT18 5TL
A6: 655 | B6: =(NOW()-A6)/365 -> 124.71398 | C6: =INT(B6) & " years, " & INT((B6-INT(B6))*12) & " months" -> 124 years, 8 months | D6: 9449307016 | E6: 19011016 | G6: DROGO | H6: SACHIE | I6: MACCURRACH | J6: MR | K6: Male | M6: 1 PRINCES DRIVE | N6: OXSHOTT | O6: LEATHERHEAD | Q6: 7359361 | S6: H81109 | U6: KT22 0UL
A7: 1158 | B7: =(NOW()-A7)/365 -> 123.3359 | C7: =INT(B7) & " years, " & INT((B7-INT(B7))*12) & " months" -> 123 years, 4 months | D7: 9449307938 | E7: 19030303 | G7: MARGO | I7: BUTCHER | J7: MRS | K7: Female | M7: 26 THE AVENUE | O7: WORCESTER PARK | P7: SURREY | Q7: 17368026 | S7: H81109 | U7: KT4 7EY
A8: 1404 | B8: =(NOW()-A8)/365 -> 122.66193 | C8: =INT(B8) & " years, " & INT((B8-INT(B8))*12) & " months" -> 122 years, 7 months | D8: 9449303568 | E8: 19031104 | G8: DOLPH | H8: WINSLOW | I8: HULSE | J8: MR | K8: Male | M8: 10 MERRILYN CLOSE | N8: CLAYGATE | O8: ESHER | P8: SURREY | Q8: 7292919 | S8: H81109 | U8: KT10 0EQ
A9: 1854 | B9: =(NOW()-A9)/365 -> 121.42905 | C9: =INT(B9) & " years, " & INT((B9-INT(B9))*12) & " months" -> 121 years, 5 months | D9: 9449305498 | E9: 19050127 | G9: LYLE | I9: RAWNSLEY | J9: MR | K9: Male | M9: 100 WALSINGHAM GARDENS | O9: EPSOM | P9: SURREY | Q9: 7338915 | S9: H81109 | U9: KT19 0ND
A10: 1858 | B10: =(NOW()-A10)/365 -> 121.41809 | C10: =INT(B10) & " years, " & INT((B10-INT(B10))*12) & " months" -> 121 years, 5 months | D10: 9449305625 | E10: 19050131 | G10: REGENA | H10: CHANEL | I10: LALAU | J10: MRS | K10: Female | M10: 2 CALVERT CLOSE | O10: EPSOM | Q10: 32601664 | S10: H81109 | U10: KT19 8AB
A11: 1984 | B11: =(NOW()-A11)/365 -> 121.07289 | C11: =INT(B11) & " years, " & INT((B11-INT(B11))*12) & " months" -> 121 years, 0 months | D11: 9449310459 | E11: 19050606 | G11: ZOE | H11: KRISTAL | I11: MIDDLECOTE | J11: MS | K11: Female | M11: 11 OLDFIELD GARDENS | O11: ASHTEAD | P11: SURREY | Q11: 7358390 | S11: H81109 | U11: KT21 2NA
A12: 2192 | B12: =(NOW()-A12)/365 -> 120.50302 | C12: =INT(B12) & " years, " & INT((B12-INT(B12))*12) & " months" -> 120 years, 6 months | D12: 9449307954 | E12: 19051231 | G12: IESHA | H12: MICHELLE | I12: LION | J12: MS | K12: Female | L12: BERWICK COURT | M12: 31 THE AVENUE | O12: WORCESTER PARK | P12: SURREY | Q12: 21405703 | S12: H81109 | U12: KT4 7HE
A13: 3016 | B13: =(NOW()-A13)/365 -> 118.24549 | C13: =INT(B13) & " years, " & INT((B13-INT(B13))*12) & " months" -> 118 years, 2 months | D13: 9449310394 | E13: 19080403 | G13: TRACE | I13: LEWINGTON | J13: MR | K13: Male | M13: 1 NETHERNE LANE | O13: COULSDON | Q13: 3035347 | S13: H81109 | U13: CR5 1NR
A14: 3332 | B14: =(NOW()-A14)/365 -> 117.37974 | C14: =INT(B14) & " years, " & INT((B14-INT(B14))*12) & " months" -> 117 years, 4 months | D14: 9449310564 | E14: 19090213 | F14: 20100101 | G14: KYLER | H14: DORIS | I14: KHICHEN-HOCHE | J14: MRS | K14: Female | L14: WELLBOTTOM COTTAGE | M14: THE DOWNS | O14: LEATHERHEAD | Q14: 31721642 | S14: H81109 | U14: KT22 8JZ
A15: 3389 | B15: =(NOW()-A15)/365 -> 117.22357 | C15: =INT(B15) & " years, " & INT((B15-INT(B15))*12) & " months" -> 117 years, 2 months | D15: 9449304580 | E15: 19090411 | G15: ALEXANDRINA | H15: MERIDITH | I15: MCBRYDE | J15: MISS | K15: Female | M15: 27 KINGSTON ROAD | O15: EPSOM | P15: SURREY | Q15: 7329310 | S15: H81109 | U15: KT17 2EG
A16: 4511 | B16: =(NOW()-A16)/365 -> 114.1496 | C16: =INT(B16) & " years, " & INT((B16-INT(B16))*12) & " months" -> 114 years, 1 months | D16: 9449309183 | E16: 19120507 | G16: CLEVELAND | I16: RINGROSE | J16: MR | K16: Male | M16: 1 PADDOCK CLOSE | N16: BEARE GREEN | O16: DORKING | P16: SURREY | Q16: 22575198 | S16: H81109 | U16: RH5 4QZ
A17: 4527 | B17: =(NOW()-A17)/365 -> 114.10576 | C17: =INT(B17) & " years, " & INT((B17-INT(B17))*12) & " months" -> 114 years, 1 months | D17: 9449308772 | E17: 19120523 | G17: BRENTON | H17: EARLE | I17: RATLEY | J17: MR | K17: Male | L17: 112A | M17: HIGH STREET | O17: DORKING | Q17: 18356544 | S17: H81109 | U17: RH4 1BA
A18: 5123 | B18: =(NOW()-A18)/365 -> 112.47289 | C18: =INT(B18) & " years, " & INT((B18-INT(B18))*12) & " months" -> 112 years, 5 months | D18: 9449304505 | E18: 19140109 | G18: MARCIE | I18: PATEY | J18: MRS | K18: Female | L18: 2 CAIRN COURT | M18: WEST STREET | N18: EWELL | O18: EPSOM | P18: SURREY | Q18: 17348643 | S18: H81109 | U18: KT17 1XQ
A19: 5275 | B19: =(NOW()-A19)/365 -> 112.05645 | C19: =INT(B19) & " years, " & INT((B19-INT(B19))*12) & " months" -> 112 years, 0 months | D19: 9449307881 | E19: 19140610 | G19: BLAKE | H19: SAMMY | I19: PATRICK | J19: MR | K19: Male | L19: 2 LONGWOOD COURT | M19: THE AVENUE | O19: WORCESTER PARK | P19: SURREY | Q19: 28145660 | S19: H81109 | U19: KT4 7EJ
A20: 5324 | B20: =(NOW()-A20)/365 -> 111.9222 | C20: =INT(B20) & " years, " & INT((B20-INT(B20))*12) & " months" -> 111 years, 11 months | D20: 9449309965 | E20: 19140729 | G20: SEBASTIAN | I20: MOYOMBO | J20: MR | K20: Male | L20: STAFFORD COURT | M20: KINGSCROFT ROAD | O20: BANSTEAD | P20: SURREY | Q20: 18811664 | S20: H81109 | U20: SM7 3NE
A21: 5904 | B21: =(NOW()-A21)/365 -> 110.33316 | C21: =INT(B21) & " years, " & INT((B21-INT(B21))*12) & " months" -> 110 years, 3 months | D21: 9449308888 | E21: 19160229 | G21: RAIN | I21: MCTAGUE | J21: MR | K21: Male | M21: 1 PIXHOLME GROVE | O21: DORKING | P21: SURREY | Q21: 9572274 | S21: H81109 | U21: RH4 1PJ
A22: 5912 | B22: =(NOW()-A22)/365 -> 110.31124 | C22: =INT(B22) & " years, " & INT((B22-INT(B22))*12) & " months" -> 110 years, 3 months | D22: 9449309825 | E22: 19160308 | G22: PULKITA | I22: SANMUGASUNDERAM | J22: MS | K22: Female | M22: 1 THE LAURELS | O22: BANSTEAD | P22: SURREY | Q22: 23867315 | S22: H81109 | U22: SM7 2HG
A23: 6006 | B23: =(NOW()-A23)/365 -> 110.05371 | C23: =INT(B23) & " years, " & INT((B23-INT(B23))*12) & " months" -> 110 years, 0 months | D23: 9449307261 | E23: 19160610 | G23: KELSEY | H23: BRANDE | I23: PICTON-CLARK | J23: MISS | K23: Female | L23: WILLOW COTTAGE | M23: WORPLE ROAD | O23: LEATHERHEAD | P23: SURREY | Q23: 20170841 | S23: H81109 | U23: KT22 8HG
A24: 6397 | B24: =(NOW()-A24)/365 -> 108.98248 | C24: =INT(B24) & " years, " & INT((B24-INT(B24))*12) & " months" -> 108 years, 11 months | D24: 9449306087 | E24: 19170706 | G24: NEVILLE | H24: TERRANCE | I24: LAURENCE | J24: MR | K24: Male | M24: 1 PETERSMEAD CLOSE | O24: TADWORTH | P24: SURREY | Q24: 27266613 | S24: H81109 | U24: KT20 5AR
A25: 6570 | B25: =(NOW()-A25)/365 -> 108.5085 | C25: =INT(B25) & " years, " & INT((B25-INT(B25))*12) & " months" -> 108 years, 6 months | D25: 9449307962 | E25: 19171226 | G25: DANI | H25: RINA | I25: RUBENSTEIN | J25: MS | K25: Female | L25: SERVITE HOUSE | M25: THE AVENUE | O25: WORCESTER PARK | P25: SURREY | Q25: 24459497 | S25: H81109 | U25: KT4 7HU
A26: 6623 | B26: =(NOW()-A26)/365 -> 108.3633 | C26: =INT(B26) & " years, " & INT((B26-INT(B26))*12) & " months" -> 108 years, 4 months | D26: 9449310394 | E26: 19180217 | G26: RYAN | H26: COTY | I26: WOODHALL | J26: MR | K26: Male | L26: DEERLEAP | M26: WEARE STREET | N26: CAPEL | O26: DORKING | Q26: 18358644 | S26: H81109 | U26: RH5 5JA
A27: 6812 | B27: =(NOW()-A27)/365 -> 107.84549 | C27: =INT(B27) & " years, " & INT((B27-INT(B27))*12) & " months" -> 107 years, 10 months | D27: 9449306230 | E27: 19180825 | G27: SHANNON | I27: BOSSETT | J27: MR | K27: Male | M27: 1 TOWER ROAD | O27: TADWORTH | P27: SURREY | Q27: 7354679 | S27: H81109 | U27: KT20 5QY
A28: 6826 | B28: =(NOW()-A28)/365 -> 107.80713 | C28: =INT(B28) & " years, " & INT((B28-INT(B28))*12) & " months" -> 107 years, 9 months | D28: 9449307105 | E28: 19180908 | G28: HILDA | H28: PAGE | I28: MAS | J28: MRS | K28: Female | L28: 150A | M28: KINGSTON ROAD | O28: LEATHERHEAD | Q28: 7360565 | S28: H81109 | U28: KT22 7PZ
A29: 7520 | B29: =(NOW()-A29)/365 -> 105.90576 | C29: =INT(B29) & " years, " & INT((B29-INT(B29))*12) & " months" -> 105 years, 10 months | D29: 9449304572 | E29: 19200802 | G29: MALEAH | I29: DUNSTONE | J29: MS | K29: Indeterminate | M29: 10 MEADOW WALK | O29: EPSOM | P29: SURREY | Q29: 7329269 | S29: H81109 | U29: KT17 2EB
A30: 7626 | B30: =(NOW()-A30)/365 -> 105.61535 | C30: =INT(B30) & " years, " & INT((B30-INT(B30))*12) & " months" -> 105 years, 7 months | D30: 9449303991 | E30: 19201116 | G30: RUDY | I30: BADDELEY | J30: MR | K30: Male | L30: WHITE LODGE | M30: HOGSHILL LANE | O30: COBHAM | P30: SURREY | Q30: 20167028 | S30: H81109 | U30: KT11 2AL
A31: 8104 | B31: =(NOW()-A31)/365 -> 104.30576 | C31: =INT(B31) & " years, " & INT((B31-INT(B31))*12) & " months" -> 104 years, 3 months | D31: 9449307369 | E31: 19220309 | G31: FENGGE | H31: LONGWEI | I31: LEONG | J31: MR | K31: Male | L31: DRYBARN COTTAGE | M31: HEADLEY ROAD | O31: LEATHERHEAD | P31: SURREY | Q31: 20170909 | S31: H81109 | U31: KT22 8QF
A32: 8499 | B32: =(NOW()-A32)/365 -> 103.22357 | C32: =INT(B32) & " years, " & INT((B32-INT(B32))*12) & " months" -> 103 years, 2 months | D32: 9449310696 | E32: 19230408 | G32: KENNEDY | H32: FINNEGAN | I32: JOHNCOCKS | J32: MR | K32: Male | S32: H81109
A33: 8511 | B33: =(NOW()-A33)/365 -> 103.1907 | C33: =INT(B33) & " years, " & INT((B33-INT(B33))*12) & " months" -> 103 years, 2 months | D33: 9449309752 | E33: 19230420 | G33: JEPSON | H33: SHAE | I33: HAZELL | J33: MR | K33: Male | M33: 1 LOWER SAWLEY WOOD | O33: BANSTEAD | P33: SURREY | Q33: 18811059 | S33: H81109 | U33: SM7 2DB
A34: 8702 | B34: =(NOW()-A34)/365 -> 102.66741 | C34: =INT(B34) & " years, " & INT((B34-INT(B34))*12) & " months" -> 102 years, 8 months | D34: 9449306672 | E34: 19231028 | G34: SILVER | H34: KYNASTON | I34: CARTRET | J34: MR | K34: Male | L34: WELL HOUSE | M34: THE MARLD | O34: ASHTEAD | P34: SURREY | Q34: 21355100 | S34: H81109 | U34: KT21 1RW
A35: 8984 | B35: =(NOW()-A35)/365 -> 101.8948 | C35: =INT(B35) & " years, " & INT((B35-INT(B35))*12) & " months" -> 101 years, 10 months | D35: 9449305331 | E35: 19240805 | G35: FRAZIER | H35: JUSTIN | I35: BOAMAH | J35: MR | K35: Male | M35: 28 DORKING ROAD | O35: EPSOM | P35: SURREY | Q35: 7336279 | S35: H81109 | U35: KT18 7NH
A36: 9618 | B36: =(NOW()-A36)/365 -> 100.15782 | C36: =INT(B36) & " years, " & INT((B36-INT(B36))*12) & " months" -> 100 years, 1 months | D36: 9449305560 | E36: 19260501 | G36: ELAINE | H36: GWENDOLINE | I36: DARGAN | J36: MRS | K36: Female | M36: 1 STERRY DRIVE | O36: EPSOM | P36: SURREY | Q36: 7339913 | S36: H81109 | U36: KT19 0TG
A37: 9665 | B37: =(NOW()-A37)/365 -> 100.02905 | C37: =INT(B37) & " years, " & INT((B37-INT(B37))*12) & " months" -> 100 years, 0 months | D37: 9449307822 | E37: 19260617 | G37: SINCLAIR | I37: FARRAR | J37: MR | K37: Male | M37: 2 OAKDENE CLOSE | N37: BOOKHAM | O37: LEATHERHEAD | P37: SURREY | Q37: 7366185 | S37: H81109 | U37: KT23 4PT
A38: 9764 | B38: =(NOW()-A38)/365 -> 99.757818 | C38: =INT(B38) & " years, " & INT((B38-INT(B38))*12) & " months" -> 99 years, 9 months | D38: 9449306591 | E38: 19260924 | G38: WASHINGTON | H38: DOLPH | I38: CROMBIE | J38: MR | K38: Indeterminate | L38: COPPERWOOD | M38: PARK LANE | O38: ASHTEAD | Q38: 17358961 | S38: H81109 | U38: KT21 1EJ
A39: 10574 | B39: =(NOW()-A39)/365 -> 97.53864 | C39: =INT(B39) & " years, " & INT((B39-INT(B39))*12) & " months" -> 97 years, 6 months | D39: 9449306028 | E39: 19281212 | G39: TAMMARA | I39: BRITTAIN | J39: MRS | K39: Indeterminate | M39: 11 DANETREE ROAD | O39: EPSOM | P39: SURREY | Q39: 7345037 | S39: H81109 | U39: KT19 9SA
A40: 10708 | B40: =(NOW()-A40)/365 -> 97.171517 | C40: =INT(B40) & " years, " & INT((B40-INT(B40))*12) & " months" -> 97 years, 2 months | D40: 9449309035 | E40: 19290425 | G40: MINDY | H40: EPPIE | I40: TWOMEY | J40: MRS | K40: Indeterminate | L40: CHARTFIELD | M40: GUILDFORD ROAD | N40: WESTCOTT | O40: DORKING | Q40: 18357743 | S40: H81109 | U40: RH4 3LG
A41: 10755 | B41: =(NOW()-A41)/365 -> 97.04275 | C41: =INT(B41) & " years, " & INT((B41-INT(B41))*12) & " months" -> 97 years, 0 months | D41: 9449305110 | E41: 19290611 | G41: VAUGHAN | H41: FREDDIE | I41: ALLCOCK | J41: MR | K41: Male | M41: 12 SHAWLEY CRESCENT | O41: EPSOM | P41: SURREY | Q41: 7333852 | S41: H81109 | U41: KT18 5PH
A42: 11108 | B42: =(NOW()-A42)/365 -> 96.075627 | C42: =INT(B42) & " years, " & INT((B42-INT(B42))*12) & " months" -> 96 years, 0 months | D42: 9449307210 | E42: 19300530 | G42: RAJSHRI | H42: SHARVARI | I42: TARANG | J42: MRS | K42: Female | L42: 2 SIMONS COURT | M42: RANDALLS ROAD | O42: LEATHERHEAD | P42: SURREY | Q42: 17361488 | S42: H81109 | U42: KT22 7TE
A43: 11447 | B43: =(NOW()-A43)/365 -> 95.146859 | C43: =INT(B43) & " years, " & INT((B43-INT(B43))*12) & " months" -> 95 years, 1 months | D43: 9449303886 | E43: 19310504 | G43: XIAOLING | H43: YUE YING | I43: LUNG | J43: MRS | K43: Indeterminate | M43: 11 EASTMONT ROAD | O43: ESHER | P43: SURREY | Q43: 7295804 | S43: H81109 | U43: KT10 9AY
A44: 11848 | B44: =(NOW()-A44)/365 -> 94.048229 | C44: =INT(B44) & " years, " & INT((B44-INT(B44))*12) & " months" -> 94 years, 0 months | D44: 9449309981 | E44: 19320608 | G44: TRACEY | I44: DUAL | J44: MRS | K44: Female | M44: 10 SEVERN DRIVE | O44: ESHER | P44: SURREY | Q44: 7292161 | S44: H81109 | U44: KT10 0AN
A45: 11848 | B45: =(NOW()-A45)/365 -> 94.048229 | C45: =INT(B45) & " years, " & INT((B45-INT(B45))*12) & " months" -> 94 years, 0 months | D45: 9449310009 | E45: 19320608 | G45: MAJDIYYA | H45: FAWZIA | I45: DUAL | K45: Female | M45: 10 HERMITAGE CLOSE | N45: CLAYGATE | O45: ESHER | Q45: 7293052 | S45: H81109 | U45: KT10 0HH
A46: 11936 | B46: =(NOW()-A46)/365 -> 93.807133 | C46: =INT(B46) & " years, " & INT((B46-INT(B46))*12) & " months" -> 93 years, 9 months | D46: 9449309914 | E46: 19320904 | G46: SHAE | I46: BARTON-COOKE | J46: MR | K46: Not known | M46: 12 WINKWORTH ROAD | O46: BANSTEAD | P46: SURREY | Q46: 9722760 | S46: H81109 | U46: SM7 2QE
A47: 12247 | B47: =(NOW()-A47)/365 -> 92.955079 | C47: =INT(B47) & " years, " & INT((B47-INT(B47))*12) & " months" -> 92 years, 11 months | D47: 9449305846 | E47: 19330712 | G47: ELLIS | H47: ORA | I47: ON | J47: MR | K47: Male | M47: 10 MELTON PLACE | O47: EPSOM | P47: SURREY | Q47: 7342295 | S47: H81109 | U47: KT19 9EE
A48: 12307 | B48: =(NOW()-A48)/365 -> 92.790695 | C48: =INT(B48) & " years, " & INT((B48-INT(B48))*12) & " months" -> 92 years, 9 months | D48: 9449310017 | E48: 19330910 | G48: GODRIC | I48: DOUBLE | K48: Male | M48: 62 COMMON ROAD | N48: CLAYGATE | O48: ESHER | P48: SURREY | Q48: 7293204 | S48: H81109 | U48: KT10 0HW | V48: Used for multiple matches
A49: 12307 | B49: =(NOW()-A49)/365 -> 92.790695 | C49: =INT(B49) & " years, " & INT((B49-INT(B49))*12) & " months" -> 92 years, 9 months | D49: 9449310025 | E49: 19330910 | G49: SPIKE | H49: GUY | I49: DOUBLE | J49: MR | K49: Male | M49: 30 FIRS CLOSE | N49: CLAYGATE | O49: ESHER | Q49: 7293660 | S49: H81109 | U49: KT10 0NW | V49: Used for multiple matches
A50: 12573 | B50: =(NOW()-A50)/365 -> 92.061928 | C50: =INT(B50) & " years, " & INT((B50-INT(B50))*12) & " months" -> 92 years, 0 months | D50: 9449303320 | E50: 19340603 | G50: EDWARD | I50: QUICK-INVALID-POSTCODE | J50: MR | K50: Male | M50: 1 BETTS WAY | N50: LONG DITTON | O50: SURBITON | Q50: 7391159 | S50: H81109 | U50: LS14HY | V50: No space in Postcode
A51: 12608 | B51: =(NOW()-A51)/365 -> 91.966037 | C51: =INT(B51) & " years, " & INT((B51-INT(B51))*12) & " months" -> 91 years, 11 months | D51: 9449303355 | E51: 19340708 | G51: ALISHA | I51: QUICK-INVALID-GEN | J51: MRS | K51: Female | L51: BAILIFFS COTTAGE | M51: POLESDEN LACEY | O51: DORKING | P51: SURREY | Q51: 25381596 | S51: H81109 | U51: RH5 6BB
A52: 12715 | B52: =(NOW()-A52)/365 -> 91.672887 | C52: =INT(B52) & " years, " & INT((B52-INT(B52))*12) & " months" -> 91 years, 8 months | D52: 9449304513 | E52: 19341023 | G52: ROMY | H52: LILAC | I52: APPLEGATE | J52: MS | K52: Female | L52: REEVETHORPE HOUSE | M52: LONDON ROAD | N52: EWELL | O52: EPSOM | Q52: 31516748 | S52: H81109 | U52: KT17 2BN
A53: 13011 | B53: =(NOW()-A53)/365 -> 90.861928 | C53: =INT(B53) & " years, " & INT((B53-INT(B53))*12) & " months" -> 90 years, 10 months | D53: 9449307466 | E53: 19350815 | G53: SUSAN | H53: BAYLEE | I53: RIDDELL | J53: MRS | K53: Indeterminate | L53: CONISTON | M53: GUILDFORD ROAD | N53: FETCHAM | O53: LEATHERHEAD | P53: SURREY | Q53: 17362366 | S53: H81109 | U53: KT22 9DY
A54: 13436 | B54: =(NOW()-A54)/365 -> 89.697544 | C54: =INT(B54) & " years, " & INT((B54-INT(B54))*12) & " months" -> 89 years, 8 months | D54: 9449303789 | E54: 19361013 | G54: MARGARET | I54: RHYS | J54: MS | K54: Female | M54: 25 IMBER CLOSE | O54: ESHER | P54: SURREY | Q54: 7294854 | S54: H81109 | U54: KT10 8ED
A55: 14099 | B55: =(NOW()-A55)/365 -> 87.881106 | C55: =INT(B55) & " years, " & INT((B55-INT(B55))*12) & " months" -> 87 years, 10 months | D55: 9449305994 | E55: 19380807 | G55: JOSSLYN | I55: STAPLES | J55: MRS | K55: Indeterminate | M55: 1 CHESTERFIELD ROAD | O55: EPSOM | P55: SURREY | Q55: 7344671 | S55: H81109 | U55: KT19 9QR
A56: 14254 | B56: =(NOW()-A56)/365 -> 87.456448 | C56: =INT(B56) & " years, " & INT((B56-INT(B56))*12) & " months" -> 87 years, 5 months | D56: 9449306168 | E56: 19390109 | G56: ELDREDA | I56: LAWMAN | J56: MS | K56: Female | M56: 103 PRESTON LANE | O56: TADWORTH | P56: SURREY | Q56: 7352931 | S56: H81109 | U56: KT20 5HJ
A57: 14466 | B57: =(NOW()-A57)/365 -> 86.875627 | C57: =INT(B57) & " years, " & INT((B57-INT(B57))*12) & " months" -> 86 years, 10 months | D57: 9449309205 | E57: 19390809 | G57: SHAQEEQA | H57: SUHAILA | I57: ZANDI | J57: MS | K57: Female | M57: 2 HAZEL WALK | N57: NORTH HOLMWOOD | O57: DORKING | P57: SURREY | Q57: 9575882 | S57: H81109 | U57: RH5 4TQ
A58: 14521 | B58: =(NOW()-A58)/365 -> 86.724942 | C58: =INT(B58) & " years, " & INT((B58-INT(B58))*12) & " months" -> 86 years, 8 months | D58: 9449303428 | E58: 19391003 | G58: CARLA | H58: IDONEA | I58: GILLEENEY | J58: MISS | K58: Female | M58: 2 LISSOMS ROAD | N58: CHIPSTEAD | O58: COULSDON | Q58: 3039778 | S58: H81109 | U58: CR5 3LE
A59: 14538 | B59: =(NOW()-A59)/365 -> 86.678366 | C59: =INT(B59) & " years, " & INT((B59-INT(B59))*12) & " months" -> 86 years, 8 months | D59: 9449304335 | E59: 19391020 | G59: DARIUS | H59: GEOFF | I59: DWYER | J59: MR | K59: Not known | M59: 19 EAST STREET | O59: EPSOM | Q59: 7327812 | S59: H81109 | U59: KT17 1BD
A60: 15665 | B60: =(NOW()-A60)/365 -> 83.590695 | C60: =INT(B60) & " years, " & INT((B60-INT(B60))*12) & " months" -> 83 years, 7 months | D60: 9449305579 | E60: 19421120 | G60: CHONGLIN | H60: XIAOJIAN | I60: PANG | J60: MR | K60: Male | M60: 1 WILLIAM EVANS ROAD | O60: EPSOM | P60: SURREY | Q60: 29934257 | S60: H81109 | U60: KT19 7DE
A61: 15845 | B61: =(NOW()-A61)/365 -> 83.097544 | C61: =INT(B61) & " years, " & INT((B61-INT(B61))*12) & " months" -> 83 years, 1 months | D61: 9449304424 | E61: 194305191212 | G61: COMFORT | H61: ZULA | I61: AINDOW | J61: MRS | K61: Female | M61: 41 THE KINGSWAY | O61: EPSOM | P61: SURREY | Q61: 17348366 | S61: H81109 | U61: KT17 1NA | V61: 12 character DOB
A62: 16251 | B62: =(NOW()-A62)/365 -> 81.985216 | C62: =INT(B62) & " years, " & INT((B62-INT(B62))*12) & " months" -> 81 years, 11 months | D62: 9449304920 | E62: 19440628 | G62: AMBERLEY | H62: AKANKSHA | I62: JINEN | J62: MS | K62: Female | M62: 101 COLLEGE ROAD | O62: EPSOM | P62: SURREY | Q62: 7332902 | S62: H81109 | U62: KT17 4HY
A63: 16811 | B63: =(NOW()-A63)/365 -> 80.450969 | C63: =INT(B63) & " years, " & INT((B63-INT(B63))*12) & " months" -> 80 years, 5 months | D63: 9449303908 | E63: 19460109 | G63: CYMBELINE | H63: DOMENIC | I63: WAGGOTT | J63: MR | K63: Male | M63: 2 LOSEBERRY ROAD | N63: CLAYGATE | O63: ESHER | P63: SURREY | Q63: 7296093 | S63: H81109 | U63: KT10 9DQ
A64: 17085 | B64: =(NOW()-A64)/365 -> 79.700284 | C64: =INT(B64) & " years, " & INT((B64-INT(B64))*12) & " months" -> 79 years, 8 months | D64: 9449306702 | E64: 19461010 | G64: NAWAAL | H64: MARJAANA | I64: KORICHI | J64: MRS | K64: Female | M64: 1 THE CHASE | O64: ASHTEAD | P64: SURREY | Q64: 17359780 | S64: H81109 | U64: KT21 2JN
A65: 17090 | B65: =(NOW()-A65)/365 -> 79.686585 | C65: =INT(B65) & " years, " & INT((B65-INT(B65))*12) & " months" -> 79 years, 8 months | D65: 9449306133 | E65: 19461015 | G65: NEELY | H65: WILTON | I65: SCULLION | J65: MR | K65: Male | M65: 35 THE AVENUE | O65: TADWORTH | P65: SURREY | Q65: 17357357 | S65: H81109 | U65: KT20 5DG
A66: 17131 | B66: =(NOW()-A66)/365 -> 79.574257 | C66: =INT(B66) & " years, " & INT((B66-INT(B66))*12) & " months" -> 79 years, 6 months | D66: 9449309272 | E66: 19461125 | G66: NORBERT | H66: BRENDON | I66: PARKES | J66: MR | K66: Male | L66: HIGH TREES HOUSE | M66: PARKGATE ROAD | N66: NEWDIGATE | O66: DORKING | Q66: 18358482 | S66: H81109 | U66: RH5 5DZ
A67: 17210 | B67: =(NOW()-A67)/365 -> 79.357818 | C67: =INT(B67) & " years, " & INT((B67-INT(B67))*12) & " months" -> 79 years, 4 months | D67: 9449304017 | E67: 19470212 | G67: GODRIC | H67: HAL | I67: SEWELL-RUTTER | J67: MR | K67: Male | M67: 100 TARTAR ROAD | O67: COBHAM | P67: SURREY | Q67: 7297592 | S67: H81109 | U67: KT11 2AT
A68: 17232 | B68: =(NOW()-A68)/365 -> 79.297544 | C68: =INT(B68) & " years, " & INT((B68-INT(B68))*12) & " months" -> 79 years, 3 months | D68: 9449308160 | E68: 19470306 | G68: MISTY | H68: MADELYN | I68: BERGAN | J68: MS | K68: Female | M68: 10 THE ISLAND | O68: THAMES DITTON | P68: SURREY | Q68: 17376629 | S68: H81109 | U68: KT7 0SH
A69: 17286 | B69: =(NOW()-A69)/365 -> 79.149599 | C69: =INT(B69) & " years, " & INT((B69-INT(B69))*12) & " months" -> 79 years, 1 months | D69: 9449304696 | E69: 19470429 | G69: GARRETT | I69: BOOTH | J69: MR | K69: Male | M69: 12 ARAGON AVENUE | O69: EPSOM | P69: SURREY | Q69: 7330714 | S69: H81109 | U69: KT17 2QG
A70: 17325 | B70: =(NOW()-A70)/365 -> 79.04275 | C70: =INT(B70) & " years, " & INT((B70-INT(B70))*12) & " months" -> 79 years, 0 months | D70: 9449309256 | E70: 19470607 | G70: WAN | H70: RUILING | I70: IO | J70: MRS | K70: Female | L70: GREENS FARM COTTAGE | M70: KINGSLAND | N70: NEWDIGATE | O70: DORKING | Q70: 30835518 | S70: H81109 | U70: RH5 5DD
A71: 17417 | B71: =(NOW()-A71)/365 -> 78.790695 | C71: =INT(B71) & " years, " & INT((B71-INT(B71))*12) & " months" -> 78 years, 9 months | D71: 9449303800 | E71: 19470907 | G71: GLANVILLE | I71: BUCKLIN | J71: MR | K71: Indeterminate | M71: 12 WEST END LANE | O71: ESHER | P71: SURREY | Q71: 20166746 | S71: H81109 | U71: KT10 8LA
A72: 17437 | B72: =(NOW()-A72)/365 -> 78.7359 | C72: =INT(B72) & " years, " & INT((B72-INT(B72))*12) & " months" -> 78 years, 8 months | D72: 9449307539 | E72: 19470927 | G72: PHOEBE | H72: EILEEN | I72: SMITHAM | J72: MS | K72: Female | M72: 28 KENNEL LANE | N72: FETCHAM | O72: LEATHERHEAD | P72: SURREY | Q72: 7363257 | S72: H81109 | U72: KT22 9PJ
A73: 17639 | B73: =(NOW()-A73)/365 -> 78.182476 | C73: =INT(B73) & " years, " & INT((B73-INT(B73))*12) & " months" -> 78 years, 2 months | D73: 9449307628 | E73: 19480416 | G73: CRYSTAL | H73: ZOWIE | I73: TAWSE | J73: MS | K73: Indeterminate | M73: 1 POST HOUSE LANE | N73: BOOKHAM | O73: LEATHERHEAD | P73: SURREY | Q73: 17363313 | S73: H81109 | U73: KT23 3EA | V73: This patient now has no address on PDS
A74: 17653 | B74: =(NOW()-A74)/365 -> 78.14412 | C74: =INT(B74) & " years, " & INT((B74-INT(B74))*12) & " months" -> 78 years, 1 months | D74: 9449304130 | E74: 19480430 | G74: STACEY | H74: MARISA | I74: TWITCHETT | J74: MS | K74: Female | M74: 10 HEATHFIELD | O74: COBHAM | P74: SURREY | Q74: 17338054 | S74: H81109 | U74: KT11 2QY
A75: 17744 | B75: =(NOW()-A75)/365 -> 77.894805 | C75: =INT(B75) & " years, " & INT((B75-INT(B75))*12) & " months" -> 77 years, 10 months | D75: 9449307156 | E75: 19480730 | G75: SEWARD | H75: ROLPH | I75: WHITEFORD | J75: MR | K75: Indeterminate | M75: 1 SANDES PLACE | O75: LEATHERHEAD | P75: SURREY | Q75: 7360843 | S75: H81109 | U75: KT22 7QW
A76: 17800 | B76: =(NOW()-A76)/365 -> 77.74138 | C76: =INT(B76) & " years, " & INT((B76-INT(B76))*12) & " months" -> 77 years, 8 months | D76: 9449309264 | E76: 19480924 | G76: XUE | H76: KANG | I76: LUNG | J76: MR | K76: Male | L76: CHEVIN HOUSE | M76: WOODPECKER LANE | N76: NEWDIGATE | O76: DORKING | P76: SURREY | Q76: 18358443 | S76: H81109 | U76: RH5 5DT
A77: 17814 | B77: =(NOW()-A77)/365 -> 77.703024 | C77: =INT(B77) & " years, " & INT((B77-INT(B77))*12) & " months" -> 77 years, 8 months | D77: 9449308497 | E77: 19481008 | G77: CHUNTAO | I77: LEONG | J77: MRS | K77: Female | L77: SOVEREIGN HOUSE | M77: 1 BRIDGE ROAD | O77: EAST MOLESEY | Q77: 32602784 | S77: H81109 | U77: KT8 9EP
A78: 17857 | B78: =(NOW()-A78)/365 -> 77.585216 | C78: =INT(B78) & " years, " & INT((B78-INT(B78))*12) & " months" -> 77 years, 7 months | D78: 9449306443 | E78: 19481120 | G78: CHERI | H78: LARYN | I78: SOBOLA | J78: MS | K78: Female | L78: FAIRING | M78: WARREN DRIVE | N78: KINGSWOOD | O78: TADWORTH | Q78: 17358276 | S78: H81109 | U78: KT20 6PT
A79: 17906 | B79: =(NOW()-A79)/365 -> 77.450969 | C79: =INT(B79) & " years, " & INT((B79-INT(B79))*12) & " months" -> 77 years, 5 months | D79: 9449303509 | E79: 19490108 | G79: ABDUT TAWWAB | I79: BEI | J79: MR | K79: Male | M79: 10 CHURCH LANE AVENUE | O79: COULSDON | Q79: 16406373 | S79: H81109 | U79: CR5 3RT
A80: 17910 | B80: =(NOW()-A80)/365 -> 77.44001 | C80: =INT(B80) & " years, " & INT((B80-INT(B80))*12) & " months" -> 77 years, 5 months | D80: 9449306354 | E80: 19490112 | G80: JANAE | H80: YSABEL | I80: BRADY | J80: MS | K80: Female | L80: THE PAVILLION | M80: OUTWOOD LANE | N80: KINGSWOOD | O80: TADWORTH | P80: SURREY | Q80: 29934266 | S80: H81109 | U80: KT20 6JP
A81: 17932 | B81: =(NOW()-A81)/365 -> 77.379736 | C81: =INT(B81) & " years, " & INT((B81-INT(B81))*12) & " months" -> 77 years, 4 months | D81: 9449304947 | E81: 19490203 | G81: MARWAAN | I81: AL-SHAHRY | J81: MR | K81: Male | M81: 10 LYNWOOD ROAD | O81: EPSOM | P81: SURREY | Q81: 7332928 | S81: H81109 | U81: KT17 4LD
A82: 18068 | B82: =(NOW()-A82)/365 -> 77.007133 | C82: =INT(B82) & " years, " & INT((B82-INT(B82))*12) & " months" -> 77 years, 0 months | D82: 9449304734 | E82: 19490619 | G82: ARIVALAGAN | H82: AGHARNA | I82: VEDATI | J82: MR | K82: Male | M82: 1 NORMAN AVENUE | O82: EPSOM | P82: SURREY | Q82: 7331035 | S82: H81109 | U82: KT17 3AB
A83: 18082 | B83: =(NOW()-A83)/365 -> 76.968777 | C83: =INT(B83) & " years, " & INT((B83-INT(B83))*12) & " months" -> 76 years, 11 months | D83: 9449307857 | E83: 19490703 | G83: SAURA | H83: DAMINI | I83: SWANIMATHAN | J83: MRS | K83: Female | M83: 12 AVON CLOSE | O83: WORCESTER PARK | P83: SURREY | Q83: 7377748 | S83: H81109 | U83: KT4 7AH
A84: 18092 | B84: =(NOW()-A84)/365 -> 76.94138 | C84: =INT(B84) & " years, " & INT((B84-INT(B84))*12) & " months" -> 76 years, 11 months | D84: 9449307571 | E84: 19490713 | G84: TETTY | I84: PIMPL | J84: MS | K84: Female | L84: COPTHORNE | M84: BURNHAMS ROAD | N84: BOOKHAM | O84: LEATHERHEAD | P84: SURREY | Q84: 17363122 | S84: H81109 | U84: KT23 3BB
A85: 18119 | B85: =(NOW()-A85)/365 -> 76.867407 | C85: =INT(B85) & " years, " & INT((B85-INT(B85))*12) & " months" -> 76 years, 10 months | D85: 9449310556 | E85: 19490809 | G85: SEPTEMBER | H85: ROBBY | I85: TITMUS | J85: MR | K85: Male | M85: 1 MOSPEY CRESCENT | O85: EPSOM | P85: SURREY | Q85: 7332951 | S85: H81109 | U85: KT17 4LZ
A86: 18126 | B86: =(NOW()-A86)/365 -> 76.848229 | C86: =INT(B86) & " years, " & INT((B86-INT(B86))*12) & " months" -> 76 years, 10 months | D86: 9449305447 | E86: 19490816 | G86: CAILYN | H86: JOANDRA | I86: MASLING | J86: MISS | K86: Female | M86: 138 FRANCIS CLOSE | O86: EPSOM | P86: SURREY | Q86: 7338390 | S86: H81109 | U86: KT19 0JT
A87: 18148 | B87: =(NOW()-A87)/365 -> 76.787955 | C87: =INT(B87) & " years, " & INT((B87-INT(B87))*12) & " months" -> 76 years, 9 months | D87: 9449303584 | E87: 19490907 | G87: RAYMUND | I87: OMAR | J87: MR | K87: Indeterminate | M87: 11 COMMON ROAD | N87: CLAYGATE | O87: ESHER | P87: SURREY | Q87: 7293033 | S87: H81109 | U87: KT10 0HG
A88: 18340 | B88: =(NOW()-A88)/365 -> 76.261928 | C88: =INT(B88) & " years, " & INT((B88-INT(B88))*12) & " months" -> 76 years, 3 months | D88: 9449308047 | E88: 19500318 | G88: TIMMY | H88: BENNETT | I88: OTTON | J88: MR | K88: Male | M88: 2 LYNWOOD ROAD | O88: THAMES DITTON | P88: SURREY | Q88: 7395987 | S88: H81109 | U88: KT7 0DN
A89: 18414 | B89: =(NOW()-A89)/365 -> 76.059188 | C89: =INT(B89) & " years, " & INT((B89-INT(B89))*12) & " months" -> 76 years, 0 months | D89: 9449306184 | E89: 19500531 | G89: NONA | H89: KENZIE | I89: SHIRVELL | J89: MRS | K89: Indeterminate | M89: 10 ALLUM GROVE | O89: TADWORTH | P89: SURREY | Q89: 7353086 | S89: H81109 | U89: KT20 5HX
A90: 18421 | B90: =(NOW()-A90)/365 -> 76.04001 | C90: =INT(B90) & " years, " & INT((B90-INT(B90))*12) & " months" -> 76 years, 0 months | D90: 9449310718 | E90: 19500607 | G90: SUMANTRA | H90: EKALAVYA | I90: RAMADHIN | J90: MR | K90: Male | M90: 1 DURLESTON PARK DRIVE | N90: BOOKHAM | O90: LEATHERHEAD | P90: SURREY | Q90: 17363785 | R90: I | S90: H81109 | U90: KT23 4AJ
A91: 18422 | B91: =(NOW()-A91)/365 -> 76.03727 | C91: =INT(B91) & " years, " & INT((B91-INT(B91))*12) & " months" -> 76 years, 0 months | D91: 9449307067 | E91: 19500608 | G91: JAYNE | H91: DELIA | I91: BAZIN | J91: MISS | K91: Female | M91: 1 PARK RISE CLOSE | O91: LEATHERHEAD | P91: SURREY | Q91: 17361160 | S91: H81109 | U91: KT22 7JA
A92: 18549 | B92: =(NOW()-A92)/365 -> 75.689325 | C92: =INT(B92) & " years, " & INT((B92-INT(B92))*12) & " months" -> 75 years, 8 months | D92: 9449307768 | E92: 19501013 | G92: KIT | H92: TREY | I92: ESKANDARIZADEH | J92: MR | K92: Male | M92: 1 CHILMANS DRIVE | N92: BOOKHAM | O92: LEATHERHEAD | P92: SURREY | Q92: 7365134 | S92: H81109 | U92: KT23 4BX
A93: 18753 | B93: =(NOW()-A93)/365 -> 75.130421 | C93: =INT(B93) & " years, " & INT((B93-INT(B93))*12) & " months" -> 75 years, 1 months | D93: 9449308101 | E93: 19510505 | G93: BABETTE | H93: MARINDA | I93: SIROPOULOS | J93: MS | K93: Female | M93: 100 SPEER ROAD | O93: THAMES DITTON | P93: SURREY | Q93: 7396734 | S93: H81109 | U93: KT7 0PP
A94: 18800 | B94: =(NOW()-A94)/365 -> 75.001654 | C94: =INT(B94) & " years, " & INT((B94-INT(B94))*12) & " months" -> 75 years, 0 months | D94: 9449307113 | E94: 19510621 | G94: LULA | H94: HAVEN | I94: BUCKLAND | J94: MS | K94: Female | M94: 292 KINGSTON ROAD | O94: LEATHERHEAD | P94: SURREY | Q94: 7360628 | S94: H81109 | U94: KT22 7QE
A95: 19031 | B95: =(NOW()-A95)/365 -> 74.368777 | C95: =INT(B95) & " years, " & INT((B95-INT(B95))*12) & " months" -> 74 years, 4 months | D95: 9449307350 | E95: 19520207 | G95: ROSALYN | H95: LILLIA | I95: DESTE | J95: MRS | K95: Female | M95: 10 HIGHLANDS AVENUE | O95: LEATHERHEAD | P95: SURREY | Q95: 7361635 | S95: H81109 | U95: KT22 8NN
A96: 19062 | B96: =(NOW()-A96)/365 -> 74.283846 | C96: =INT(B96) & " years, " & INT((B96-INT(B96))*12) & " months" -> 74 years, 3 months | D96: 9449304270 | E96: 19520309 | G96: TIFFANI | I96: KHARPAL | J96: MRS | K96: Female | M96: 1 TILT ROAD | O96: COBHAM | P96: SURREY | Q96: 21204356 | S96: H81109 | U96: KT11 3HP
A97: 19120 | B97: =(NOW()-A97)/365 -> 74.124942 | C97: =INT(B97) & " years, " & INT((B97-INT(B97))*12) & " months" -> 74 years, 1 months | D97: 9449308179 | E97: 19520506 | G97: KRISTEEN | H97: SAMMY | I97: LANNIGAN | J97: MS | K97: Female | M97: 30 THORKHILL ROAD | O97: THAMES DITTON | P97: SURREY | Q97: 7397496 | S97: H81109 | U97: KT7 0UG
A98: 19337 | B98: =(NOW()-A98)/365 -> 73.530421 | C98: =INT(B98) & " years, " & INT((B98-INT(B98))*12) & " months" -> 73 years, 6 months | D98: 9449305102 | E98: 19521209 | G98: FORTUNE | I98: PELHAM | J98: MRS | K98: Indeterminate | L98: ALL SEVENS | M98: TATTENHAM CRESCENT | O98: EPSOM | P98: SURREY | Q98: 17350827 | S98: H81109 | U98: KT18 5NU
A99: 20136 | B99: =(NOW()-A99)/365 -> 71.34138 | C99: =INT(B99) & " years, " & INT((B99-INT(B99))*12) & " months" -> 71 years, 4 months | D99: 9449309329 | E99: 19550216 | G99: BRITANNIA | I99: MACGILVRA | J99: MS | K99: Female | L99: CHARWYL | M99: HORSHAM ROAD | N99: CAPEL | O99: DORKING | P99: SURREY | Q99: 18358821 | S99: H81109 | U99: RH5 5LF
A100: 20323 | B100: =(NOW()-A100)/365 -> 70.829051 | C100: =INT(B100) & " years, " & INT((B100-INT(B100))*12) & " months" -> 70 years, 9 months | D100: 9449305684 | E100: 19550822 | G100: BRITTANI | H100: TAMEKA | I100: HANDFORD | J100: MS | K100: Female | M100: 10 WEST HILL | O100: EPSOM | P100: SURREY | Q100: 7340304 | S100: H81109 | U100: KT19 8HR
A101: 20545 | B101: =(NOW()-A101)/365 -> 70.220832 | C101: =INT(B101) & " years, " & INT((B101-INT(B101))*12) & " months" -> 70 years, 2 months | D101: 9449307393 | E101: 19560331 | G101: LOVELL | H101: HUBERT | I101: MCANUFF | J101: MR | K101: Male | L101: ELVEDEN COURT | M101: EPSOM ROAD | O101: LEATHERHEAD | P101: SURREY | Q101: 17361968 | S101: H81109 | U101: KT22 8TD
...

Sheet GPC Send Document Test Scenario
A1: Test ID | B1: Scenario Name | C1: Description | D1: Harness Patient ID | E1: Ummanu Comments
A2: GPCM-SD-TST-01 | B2: Standard Test | C2: Given I have recorded a consultation for a patient who is not registered to my practice And I am not sharing the consultation within the functionality of my clinical system And I have not marked the consultation as confidential When the requisite amount of time has passed since the consulation was recorded / last updated And a send document message is triggered Then a message is sent which conforms to the MESH and ITK3 requirements for Send Document And a PDF is included as a binary document conforming to the Send Document specification | D2: NHS_NO:- 9691375087 Test Harness Keyword:- Set //Practitioner/name/given/@value to IB001
A3: GPCM-SD-TST-02 | B3: Confidential Consultation | C3: Given I have recorded a consultation for a patient who is not registered to my practice And I am not sharing the consultation within the functionality of my clinical system And I mark the consultation as confidential When the requisite amount of time has passed since the consultation was recorded / last updated And a send document message is triggered Then a message is sent which conforms to the MESH and ITK3 requirements for Send Document And the Composition.confidentiality = R And confidential items are not included in the headers as per requirements And the organisation details are included in structured resources And a PDF is included as a binary document conforming to the Send Document specification with items absent as per GPCM-SD-102 | D3: NHS_NO:- 9691375095 Test Harness Keyword:- Set //Practitioner/name/given/@value to IB001 | E3: this test is NOT referenced within the SCAL
A4: GPCM-SD-TST-03 | B4: Practitioner / sender details | C4: Given I have completed test 01 And I record a new consultation for the patient as a different practitioner working for a different organisation When the send document message is triggered And a send document message is triggered Then the organization and practitioner resources reflect the practitioner and organisation details used to record the consultation | D4: NHS_NO:- 9691375109 Test Harness Keyword:- Set //Practitioner/name/given/@value to IB001
A5: GPCM-SD-TST-04 | B5: Handling errors from the receiver | C5: Given I have sent a valid Send Document message with a [Keyword] in the request as documented in the following attachment for each type of error response:- LINK Test Harness Triggers But the receiver is unable to process it When I receive an error response Then the error is handled gracefully And a notification of the error is made to an appropriate person | D5: NHS_NO:- 9691375117 Test Harness Keyword:- See Link in the Scenario
A6: GPCM-SD-TST-05 | B6: Handling no response | C6: Given I have sent a valid Send Document message with a [Keyword] in the request as documented in the following attachment for each type of error response:- LINK Test Harness Triggers But the receiver is unable to process it When I do not receive a technical or business acknowledgement response Then the sender has an appropriate way to manage the non-response And if not resolved an notification of no response is made to an appropriate person | D6: NHS_NO:- 9691375125 Test Harness Keyword:- Set //Practitioner/name/given/@value to noresponse
A7: GPCM-SD-TST-06 | B7: Registered patient / message not sent | C7: Given I have recorded a consultation for a patient registered at my practice When the patient registration type of the patient record at the appointment hosting practice is Regular (GMS/PMS) When I complete the consultation Then a Send Document message does not trigger | D7: NHS_NO:- 9691375133 Test Harness Keyword:- Set //Practitioner/name/given/@value to IB001 | E7: our solution does not support registration types
A8: GPCM-SD-TST-07 | B8: Timeliness of message | C8: Given I have recorded a consultation as per GPCM-SD-TST-01 When the Send Document is sent When I complete the consultation Then ideally less than 3 hours has elapsed between last update and send | D8: Data Not Applicable, Statement regarding the business logic / functionality regarding the delay period for send document and audit records to support | E8: write a small piece about the queue and the trigger, also show times on messages
A9: GPCM-SD-TST-08 | B9: Amend a consultation after sending | C9: Given I access a consultation which has previously been sent via Send Document When I amend the consultation And the necessary time elapses for the message send Then an updated Send Document message is sent conforming to the specification And the version number is incremented from the previous send And it identifies the document is a replacement And it refers to the original document unique ID it is replacing | D9: NHS_NO:- 9691375141 Test Harness Keyword:- Set //Practitioner/name/given/@value to IB001 | E9: our solution does not currently support update, amend, delete or any file attachements
A10: GPCM-SD-TST-09 | B10: Third send of document | C10: Given I have completed GPCM-SD-TST-08 And I make a further amendment to the consultation When a replacement message is sent Then an updated Send Document message is sent conforming to the specification And the version number is incremented from the previous send And it identifies the document is a replacement And it refers to the previous replacement document unique ID it is replacing | D10: NHS_NO:- 9691375141 Test Harness Keyword:- Set //Practitioner/name/given/@value to IB001 | E10: this test is NOT referenced within the SCAL our solution does not currently support update, amend, delete or any file attachements
A11: GPCM-SD-TST-10 | B11: Deleted consultation | C11: Given I access a consultation which has previously been sent via Send Document When I delete the consultation Then a message is displayed to inform me this consultation has been sent to the registered practice and action needs to be taken to inform that practice of the deletion And the message includes the necessary details about the patient, consultation date and registered practice | D11: NHS_NO:- 9691375141 Test Harness Keyword:- Set //Practitioner/name/given/@value to IB001 | E11: this test is NOT referenced within the SCAL our solution does not currently support update, amend, delete or any file attachements
A12: GPCM-SD-TST-11 | B12: Consultation with individual items marked as confidential | C12: Given I have recorded a consultation for a patient who is not registered to my practice And I am not sharing the consultation within the functionality of my clinical system And I mark the some items within the consultation as confidential When the requisite amount of time has passed since the consulation was recorded / last updated And a send document message is triggered Then a message is sent which conforms to the MESH and ITK3 requirements for Send Document And the Composition.confidentiality = N And confidential items are not included in the headers as per requirements And the organisation details are included in structured resources And a PDF is included as a binary document conforming to the Send Document specification but any item or text which was marked as confidential is replaced with the text 'confidential item' | D12: NHS_NO:- 9691375141 Test Harness Keyword:- Set //Practitioner/name/given/@value to IB001 | E12: this test is NOT referenced within the SCAL
A13: GPCM-SD-TST-12 | B13: Receiver reports amended document cannot be processed | C13: Given I have amended a consultation after it was sent via Send Document Andthe amended consultation is then sent via Send Document And the send is not successful When I receive the error / do not receive a response Then I will handle the error gracefully And trigger an appropriate resolution process And manage the data integrity of the record | D13: NHS_NO:- 9691375141 Test Harness Keyword:- Set //Practitioner/name/given/@value to 30003 | E13: our solution does not currently support update, amend, delete or any file attachements
A14: GPCM-SD-TST-13 | B14: Additional documents sent | C14: GivenI have additional documents relating to the consultation And I include the additional document(s) to be sent to the registered GP When the requisite amount of time has passed since the consultation was recorded / updated And a send document message is triggered Then a message is sent which conforms to the MESH and ITK3 requirements for Send Document And the consultation report and each document is includes in the composition as individual sections And the first section in the composition refers to a binary resource for the consultation report And there is a section for each additional document(s) included with a reference to a binary resource And the binary resources are included in the bundle with matching references / IDs And the binary resources are base64 encoded | D14: NHS_NO:- 9691375176 Test Harness Keyword:- Set //Practitioner/name/given/@value to IB001 | E14: our solution does not currently support update, amend, delete or any file attachements

Sheet ITK3 Test Harness Trigger Scena
A2: Message Content Trigger
A3: Set //Practitioner/name/given/@value
A5: For each of the triggers below, set the Practitioners "Given Name" to the value in A10 to A41
A6: This will then generate a response from the test harness and include the appropriate ITK Response
A9: Message Content Trigger @value | B9: InfAck Requested | C9: BusAck Requested | D9: ITK Response 1 | E9: ITK Response 2 | F9: GPCM-SD-TST-04 | G9: GPCM-SD-TST-05
A10: invrep | B10: T | C10: T or F | D10: Invalid ITKResponse Generated | E10: No Business Level Response
A11: 10001 | B11: T | C11: T or F | D11: Infrastructure Level Response 10001: Fatal-Error - Handling Specification Error | E11: No Business Level Response
A12: 10002 | B12: T | C12: T or F | D12: Infrastructure Level Response 10002: Fatal-Error - Infrastructure Response Value Processing Error | E12: No Business Level Response
A13: 10003 | B13: T | C13: T or F | D13: Infrastructure Level Response 10003: Fatal-Error - Business Level Response Value Processing Error | E13: No Business Level Response
A14: 10004 | B14: T | C14: T or F | D14: Infrastructure Level Response 10004: Fatal-Error - Message Definition Value Processing Error | E14: No Business Level Response
A15: 10005 | B15: T | C15: T or F | D15: Infrastructure Level Response 10005: Fatal-Error - Message Definition Version Value – Processing Error | E15: No Business Level Response
A16: 10006 | B16: T | C16: T or F | D16: Infrastructure Level Response 10006: Fatal-Error - Priority Value - Processing Error | E16: No Business Level Response | F16: test has been deprecated
A17: 10007 | B17: T | C17: T or F | D17: Infrastructure Level Response 10007: Fatal-Error - Sender Reference Value - Processing Error | E17: No Business Level Response
A18: 10008 | B18: T | C18: T or F | D18: Infrastructure Level Response 10008: Fatal-Error - Handling Specification Business Rule Error | E18: No Business Level Response
A19: 10009 | B19: T | C19: T or F | D19: Infrastructure Level Response 10009: Fatal-Error - Unreadable Message Received | E19: No Business Level Response
A20: 10010 | B20: T | C20: T or F | D20: Infrastructure Level Response 10010: Fatal-Error - Recipient Type - Processing Error | E20: No Business Level Response
A21: 20001 | B21: T | C21: T or F | D21: Infrastructure Level Response 20001: Fatal-Error - Unrecognised Recipient Person | E21: No Business Level Response
A22: 20002 | B22: T | C22: T or F | D22: Infrastructure Level Response 20002: Fatal-Error - Unrecognised Recipient Organisation | E22: No Business Level Response
A23: 20003 | B23: T | C23: T or F | D23: Infrastructure Level Response 20003: Fatal-Error - Unrecognised Sender | E23: No Business Level Response
A24: 20004 | B24: T | C24: T or F | D24: Infrastructure Level Response 20004: Fatal-Error - Non Approved File Type Received as an Attachment | E24: No Business Level Response
A25: 20005 | B25: T | C25: T or F | D25: Infrastructure Level Response 20005: Fatal-Error - Unsupported file type received as an attachment | E25: No Business Level Response
A26: 20006 | B26: T | C26: T or F | D26: Infrastructure Level Response 20006: Fatal-Error - ITK3 Header Validation Failure | E26: No Business Level Response
A27: 20007 | B27: T | C27: T or F | D27: Infrastructure Level Response 20007: Fatal-Error - Duplicate Message Received | E27: No Business Level Response
A28: 20008 | B28: T | C28: T or F | D28: Infrastructure Level Response 20008: Fatal-Error - Duplicate Document Received | E28: No Business Level Response
... A37: 30003 | B37: T or F | C37: T or F | D37: None | E37: Business Level Response 30003: Fatal-Error - Patient no Longer at this Clinical Setting Error
A38: IB001 | B38: T or F | C38: T or F | D38: Infrastructure Level Response 20013: OK | E38: Business Level Response 30001: Patient Known Here
A39: IB002 | B39: T or F | C39: T or F | D39: Infrastructure Level Response 20013: OK | E39: Business Level Response 30002: Fatal-Error - Patient not Known Here
A40: IB003 | B40: T or F | C40: T or F | D40: Infrastructure Level Response 20013: OK | E40: Business Level Response 30003: Fatal-Error - Patient no Longer at this Clinical Setting Error
A41: noresponse | B41: T | C41: T | D41: None | E41: No Business Level Response

Sheet ITK3 INT NHS Trigger Values 
A3: THE PATIENT TRIGGER VALUES BELOW REFERENCE PATIENTS WHICH EXIST IN THE INTEGRATION ENVIRONMENT ONLY! All ITK Business Responses can also be requested from the test harness by using patient trigger values in the message transmitted The patient NHSNumber is used i.e. //Patient/identifier/@value If InfAckRequested flag is set to true in the message transmitted a 20013 postive Infrastructure ITKResponse will also be returned If InfAckRequested flag is set to false in the message transmitted no Infrastructure ITKResponse will be returned e.g. Sending message with a//Patient/identifier/@value of 9691375087 will return a 20013 Infrastructure Response (if requested) and a30001 Business Response Note: The test harness is not linked to PDS Only the NHSNumber value triggers the test harness response, other patient data is not referenced. These patients will route to the Integration Test Harness MailboxID via MESH GPLookup
A21: ITK Business Response | B21: NHS_NO | C21: DOB | D21: FAMILY_NAME | E21: GIVEN_NAME | F21: OTHER_GIVEN_NAME | G21: TITLE | H21: GENDER | I21: ADDR1 | J21: ADDR2 | K21: ADDR3 | L21: ADDR4 | M21: POST_CODE | N21: GPP
A22: 30001 : Patient known here. (e.g. Patient is registered here) | B22: 9691375087 | C22: 02/02/1931 | D22: BRYDEN | E22: Stefan | G22: MR | H22: Male | J22: 76 WESTBOURNE TERRACE | L22: LONDON | M22: W2 6QA | N22: E87021
A23: 30001 : Patient known here. (e.g. Patient is registered here) | B23: 9691375354 | C23: 12/03/2019 | D23: KNIGHT | E23: Jordan | F23: Justin | G23: MR | H23: Male | I23: APARTMENT 2 | J23: 10 WILD STREET | L23: LONDON | M23: WC2B 4RL | N23: E87021
A24: 30001 : Patient known here. (e.g. Patient is registered here) | B24: 9691375621 | C24: 14/06/1988 | D24: GRACEY | E24: Nigel | F24: Sidney | G24: MR | H24: Male | I24: FLAT 1 | J24: 7 HIDE PLACE | L24: LONDON | M24: SW1P 4HD | N24: E87021
A25: 30001 : Patient known here. (e.g. Patient is registered here) | B25: 9691375710 | C25: 26/04/1965 | D25: LUMB | E25: Antony | F25: Shaun | G25: MR | H25: Male | I25: DUNCANNON HOUSE | J25: 26 LINDSAY SQUARE | L25: LONDON | M25: SW1V 2HT | N25: E87021
A26: 30001 : Patient known here. (e.g. Patient is registered here) | B26: 9691375907 | C26: 06/07/2001 | D26: DRAKE | E26: Helen | F26: Betsy | G26: MS | H26: Female | I26: JOHNSON HOUSE | J26: CUNDY STREET | L26: LONDON | M26: SW1W 9JY | N26: E87021
A27: 30001 : Patient known here. (e.g. Patient is registered here) | B27: 9691375982 | C27: 10/04/1991 | D27: EGAN | E27: Nancie | F27: Milly | G27: MS | H27: Female | I27: CRAWFORD BUILDINGS | J27: HOMER STREET | L27: LONDON | M27: W1H 4NZ | N27: E87021
A28: 30002 : Patient not known here. (aka ‘patient record not present in system’) | B28: 9691375095 | C28: 15/10/1940 | D28: BUSH | E28: Leo | G28: MR | H28: Male | I28: FLATS | J28: 3 NOTTINGHAM STREET | L28: LONDON | M28: W1U 5EG | N28: E87021
A29: 30002 : Patient not known here. (aka ‘patient record not present in system’) | B29: 9691375478 | C29: 04/04/2020 | D29: MURPHY | E29: Mara | F29: Fiona | G29: MS | H29: Female | I29: LUKE HOUSE | J29: 3 ABBEY ORCHARD STREET | L29: LONDON | M29: SW1P 2JJ | N29: E87021
A30: 30002 : Patient not known here. (aka ‘patient record not present in system’) | B30: 9691375648 | C30: 15/03/1986 | D30: CONVEY | E30: Evan | F30: Jonas | G30: MR | H30: Male | J30: 19 BINGHAM PLACE | L30: LONDON | M30: W1U 5AZ | N30: E87021
A31: 30002 : Patient not known here. (aka ‘patient record not present in system’) | B31: 9691375729 | C31: 14/03/1972 | D31: STRAIN | E31: Jeff | G31: MR | H31: Male | J31: 2 BALVAIRD PLACE | L31: LONDON | M31: SW1V 3SN | N31: E87021
A32: 30002 : Patient not known here. (aka ‘patient record not present in system’) | B32: 9691375915 | C32: 07/09/1999 | D32: LEASK | E32: Phoebe | F32: Connie | G32: MS | H32: Female | I32: FLAT 2 | J32: 1 THIRD AVENUE | L32: LONDON | M32: W10 4RQ | N32: E87021
A33: 30002 : Patient not known here. (aka ‘patient record not present in system’) | B33: 9691375990 | C33: 03/11/1966 | D33: DAVITT | E33: Betsy | F33: Emma | G33: MRS | H33: Female | I33: CHILTERN COURT | J33: BAKER STREET | L33: LONDON | M33: NW1 5SJ | N33: E87021
A34: 30003 : Patient no longer at this clinical setting | B34: 9691375192 | C34: 17/03/1941 | D34: GROVES | E34: Nadia | G34: MS | H34: Female | I34: CHURCHFIELD HOUSE | J34: HALL PLACE | L34: LONDON | M34: W2 1LY | N34: E87021
A35: 30003 : Patient no longer at this clinical setting | B35: 9691375532 | C35: 23/12/2010 | D35: FERRY | E35: Nancie | F35: Susie | G35: MISS | H35: Female | J35: 1 LANHILL ROAD | L35: LONDON | M35: W9 2BP | N35: E87021
A36: 30003 : Patient no longer at this clinical setting | B36: 9691375656 | C36: 30/12/1980 | D36: TOMAN | E36: Edgar | G36: MR | H36: Male | J36: 56 MARYLANDS ROAD | L36: LONDON | M36: W9 2DR | N36: E87021
A37: 30003 : Patient no longer at this clinical setting | B37: 9691375737 | C37: 10/10/1960 | D37: DEAKIN | E37: Gus | F37: Shaun | G37: MR | H37: Male | J37: 33 SAVILE ROW | L37: LONDON | M37: W1S 3PZ | N37: E87021
A38: 30003 : Patient no longer at this clinical setting | B38: 9691375923 | C38: 26/08/1991 | D38: ENNIS | E38: Katie | G38: MRS | H38: Female | J38: 46 HUGH STREET | L38: LONDON | M38: SW1V 4ER | N38: E87021
A39: 30003 : Patient no longer at this clinical setting | B39: 9691376008 | C39: 05/05/1978 | D39: ONIONS | E39: Ramona | F39: Tracy | G39: MS | H39: Female | J39: 14 WIMPOLE MEWS | L39: LONDON | M39: W1G 8PE | N39: E87021
A40: 30004 : Patient known here and recently deceased (i.e. patient record current in GP practice system at time of patient’s death and deduction subsequently occurred for this reason) | B40: 9691375206 | C40: 09/04/1922 | D40: LAMB | E40: Ada | F40: Jackie | G40: MS | H40: Female | I40: ASTLEY HOUSE | J40: ALFRED ROAD | L40: LONDON | M40: W2 5EX | N40: E87021
A41: 30004 : Patient known here and recently deceased (i.e. patient record current in GP practice system at time of patient’s death and deduction subsequently occurred for this reason) | B41: 9691375389 | C41: 02/01/2012 | D41: EMERY | E41: Ivan | G41: MR | H41: Male | I41: MULREADY HOUSE | J41: MARSHAM STREET | L41: LONDON | M41: SW1P 4JL | N41: E87021
A42: 30004 : Patient known here and recently deceased (i.e. patient record current in GP practice system at time of patient’s death and deduction subsequently occurred for this reason) | B42: 9691375664 | C42: 04/02/1981 | D42: GAWLEY | E42: Alec | F42: Joseph | G42: MR | H42: Male | J42: 65 BROADWICK STREET | L42: LONDON | M42: W1F 9QU | N42: E87021
A43: 30004 : Patient known here and recently deceased (i.e. patient record current in GP practice system at time of patient’s death and deduction subsequently occurred for this reason) | B43: 9691375745 | C43: 19/09/1967 | D43: BRAY | E43: Duncan | F43: Lucien | G43: MR | H43: Male | I43: PORTMAN MANSIONS | J43: CHILTERN STREET | L43: LONDON | M43: W1U 5AN | N43: E87021
A44: 30004 : Patient known here and recently deceased (i.e. patient record current in GP practice system at time of patient’s death and deduction subsequently occurred for this reason) | B44: 9691375931 | C44: 02/01/1994 | D44: ELLERY | E44: Kim | F44: Lynda | G44: MRS | H44: Female | I44: FLAT 1 | J44: 3 STALBRIDGE STREET | L44: LONDON | M44: NW1 6TG | N44: E87021
A45: 30004 : Patient known here and recently deceased (i.e. patient record current in GP practice system at time of patient’s death and deduction subsequently occurred for this reason) | B45: 9691376016 | C45: 29/08/1962 | D45: TURNER | E45: Abby | G45: MRS | H45: Female | I45: FLAT A | J45: 33 WHITCOMB STREET | L45: LONDON | M45: WC2H 7EP | N45: E87021
A46: 30005 : Referral open | B46: 9691375753 | C46: 11/12/1962 | D46: FALVEY | E46: Alan | F46: Manuel | G46: MR | H46: Male | J46: 55 QUEENS GARDENS | L46: LONDON | M46: W2 3AF | N46: E87021
A47: 30006 : Referral completed | B47: 9691375761 | C47: 05/08/1973 | D47: PRIEST | E47: Conrad | F47: Gideon | G47: MR | H47: Male | J47: 51 PARLIAMENT STREET | L47: LONDON | M47: SW1A 2NH | N47: E87021
A48: 30007 : Referral escalated back to GP | B48: 9691375788 | C48: 27/06/1977 | D48: AVERY | E48: Eric | F48: Marvin | G48: MR | H48: Male | I48: 60-62 | J48: GREAT TITCHFIELD STREET | L48: LONDON | M48: W1W 7QG | N48: E87021
A49: 30008 : Signposting to GP (non-urgent) | B49: 9691375796 | C49: 21/09/1968 | D49: ROHRER | E49: Alfred | F49: Dwayne | G49: MR | H49: Male | J49: 19 SALISBURY STREET | L49: LONDON | M49: NW8 8BW | N49: E87021
A50: 30009 : Clinical escalation to UTC/111/GPOOH | B50: 9691376024 | C50: 14/04/1960 | D50: DOOLEY | E50: Sonia | F50: Leonie | G50: MRS | H50: Female | I50: QUEENSBERRY COURT | J50: 2 HAMILTON MEWS | L50: LONDON | M50: W1J 7HB | N50: E87021
A51: 30010 : Clinical escalation to A&E or 999 | B51: 9691376032 | C51: 02/09/1977 | D51: NILES | E51: Loren | G51: MS | H51: Female | I51: FLAT 2 | J51: 39 RIDING HOUSE STREET | L51: LONDON | M51: W1W 7BE | N51: E87021
A52: 30011 : Advised to go elsewhere/self-referral | B52: 9691376040 | C52: 22/07/1969 | D52: MANGAN | E52: Lara | F52: Netta | G52: MRS | H52: Female | J52: 1 RANDOLPH MEWS | L52: LONDON | M52: W9 1AW | N52: E87021
A53: 30012 : Unable to contact the patient | B53: 9691376059 | C53: 19/10/1970 | D53: BANTON | E53: Amanda | G53: MISS | H53: Female | J53: 5 WIGMORE PLACE | L53: LONDON | M53: W1U 2LR | N53: E87021
A54: 30013 : Closure (service not needed) | B54: 9691375818 | C54: 01/11/1961 | D54: PARKS | E54: Lewis | F54: Rubin | G54: MR | H54: Male | J54: 34 CHESHAM PLACE | L54: LONDON | M54: SW1X 8HB | N54: E87021
A55: 30014 : Closure (service not accepted) | B55: 9691375826 | C55: 03/07/1955 | D55: SIZE | E55: Nathan | F55: Josh | G55: MR | H55: Male | J55: 54 WESTBOURNE TERRACE | L55: LONDON | M55: W2 3UJ | N55: E87021
A56: 30015 : Closure (duplicate referral) | B56: 9691375834 | C56: 05/05/1956 | D56: HODGE | E56: Hugh | F56: Larry | G56: MR | H56: Male | J56: 168 NEW CAVENDISH STREET | L56: LONDON | M56: W1W 6YX | N56: E87021
A57: 30016 : Referral accepted | B57: 9691375842 | C57: 21/05/1958 | D57: BIRD | E57: Toby | F57: Carl | G57: MR | H57: Male | J57: 40 CONNAUGHT STREET | L57: LONDON | M57: W2 2AA | N57: E87021
A58: 30017 : Referral rejected | B58: 9691376067 | C58: 10/08/1966 | D58: EASON | E58: Amy | F58: Davina | G58: MS | H58: Female | J58: 460 EDGWARE ROAD | L58: LONDON | M58: W2 1EJ | N58: E87021
A59: 30018 : Did Not Attend | B59: 9691376075 | C59: 30/08/1963 | D59: HORE | E59: Laura | G59: MRS | H59: Female | J59: 14 THAYER STREET | L59: LONDON | M59: W1U 3JS | N59: E87021
A60: 30019 : GP Registration - Application accepted | B60: 9691376083 | C60: 26/10/1957 | D60: CAPON | E60: Penny | F60: Elsie | G60: MISS | H60: Female | I60: BIDDULPH MANSIONS | J60: ELGIN AVENUE | L60: LONDON | M60: W9 1HU | N60: E87021
A61: 30020 : GP Registration - Application pending (contact practice) | B61: 9691376091 | C61: 24/12/1958 | D61: DRING | E61: Vicki | F61: Brenda | G61: MRS | H61: Female | J61: 1 THAYER STREET | L61: LONDON | M61: W1U 3JA | N61: E87021
A62: 30021 : GP Registration - Application rejected (patient already registered) | B62: 9691375850 | C62: 19/04/1957 | D62: LOBB | E62: Otis | F62: Abel | G62: MR | H62: Male | I62: VALE COURT | J62: MAIDA VALE | L62: LONDON | M62: W9 1RT | N62: E87021
A63: 30022 : GP Registration - Application rejected (at capacity) | B63: 9691375869 | C63: 31/07/1956 | D63: ECCLES | E63: Herman | F63: Ramon | G63: MR | H63: Male | I63: PORTISHEAD HOUSE | J63: WESTBOURNE PARK ROAD | L63: LONDON | M63: W2 5UP | N63: E87021
A64: 30023 : GP Registration - Application rejected (out of boundary) | B64: 9691375877 | C64: 11/07/1956 | D64: HANNAY | E64: Willis | G64: MR | H64: Male | I64: GROUND FLOOR | J64: 32 NEWMAN STREET | L64: LONDON | M64: W1T 1PU | N64: E87021
A65: 30024 : GP Registration - Application rejected (Previously removed from this practice) | B65: 9691376105 | C65: 29/05/1955 | D65: SPURR | E65: Linda | G65: MS | H65: Female | J65: 181 PRAED STREET | L65: LONDON | M65: W2 1RH | N65: E87021
A66: 30025 : GP Registration - Application rejected (Previously removed from another practice) | B66: 9691376113 | C66: 30/01/1958 | D66: WALSH | E66: Leona | F66: Kirsty | G66: MRS | H66: Female | I66: AMBASSADOR HOUSE | J66: CARLTON HILL | L66: LONDON | M66: NW8 0NJ | N66: E87021
